Date,Time,Timestamp,Open,High,Low,Close,Volume
2026-05-04,09:15:00,1777866300,798,802.3,795.3,797.6,7786
2026-05-04,09:20:00,1777866600,797.15,802.85,797.15,799,11341
2026-05-04,09:25:00,1777866900,799.35,805.55,799.35,804.75,15893
2026-05-04,09:30:00,1777867200,805,807.75,802,802.6,21957
2026-05-04,09:35:00,1777867500,803.95,804.5,802.3,803.85,23153
2026-05-04,09:40:00,1777867800,803.7,805.4,803.7,805.4,24835
2026-05-04,09:45:00,1777868100,805.55,806.9,797,797.8,29580
2026-05-04,09:50:00,1777868400,796.85,796.95,795.15,796.65,32174
2026-05-04,09:55:00,1777868700,796.95,797.5,796.25,797,38750
2026-05-04,10:00:00,1777869000,796.65,796.8,795.25,796.5,40275
2026-05-04,10:05:00,1777869300,797.45,798.05,796.15,796.7,41836
2026-05-04,10:10:00,1777869600,796,797,794.05,795.4,50663
2026-05-04,10:15:00,1777869900,795.35,796.25,795,795.85,51846
2026-05-04,10:20:00,1777870200,795.75,796.25,794.5,794.9,52434
2026-05-04,10:25:00,1777870500,795,796.25,794.15,795,53451
2026-05-04,10:30:00,1777870800,795,795,793.45,794.85,66097
2026-05-04,10:35:00,1777871100,794.45,794.45,793,794.35,66938
2026-05-04,10:40:00,1777871400,793.6,794.65,793.6,794.65,67709
2026-05-04,10:45:00,1777871700,794.75,795.75,794,795,72124
2026-05-04,10:50:00,1777872000,794.65,795,794.65,794.65,73219
2026-05-04,10:55:00,1777872300,795,795,794.15,794.85,73680
2026-05-04,11:00:00,1777872600,795,795,794.5,794.7,89181
2026-05-04,11:05:00,1777872900,794.2,795,794.2,795,89755
2026-05-04,11:10:00,1777873200,794.2,795.05,794.05,794.8,91408
2026-05-04,11:15:00,1777873500,795,796.95,794.3,795.75,93907
2026-05-04,11:20:00,1777873800,795.6,797.45,794.25,794.95,97602
2026-05-04,11:25:00,1777874100,795.1,796.45,794.6,795.85,98296
2026-05-04,11:30:00,1777874400,795.4,797.5,794.9,794.9,111293
2026-05-04,11:35:00,1777874700,795.95,797,795.95,796.95,113373
2026-05-04,11:40:00,1777875000,796.75,797,795.55,796.8,115554
2026-05-04,11:45:00,1777875300,796.9,797,794.85,795,119760
2026-05-04,11:50:00,1777875600,794.65,795,794.55,795,121331
2026-05-04,11:55:00,1777875900,794.95,795,794.6,795,122969
2026-05-04,12:00:00,1777876200,794.8,795,794.25,794.25,125340
2026-05-04,12:05:00,1777876500,794.45,794.9,794.05,794.6,127093
2026-05-04,12:10:00,1777876800,794.75,795,793.8,794.15,129830
2026-05-04,12:15:00,1777877100,794,794.15,790.8,792.65,133316
2026-05-04,12:20:00,1777877400,792.7,793,792.2,793,135162
2026-05-04,12:25:00,1777877700,792.8,793.3,792.2,792.95,136888
2026-05-04,12:30:00,1777878000,793,793,792.2,792.55,140512
2026-05-04,12:35:00,1777878300,792.85,793.25,792.35,792.5,150148
2026-05-04,12:40:00,1777878600,792.3,793,791.8,791.8,160929
2026-05-04,12:45:00,1777878900,792,792.75,791.5,791.95,162625
2026-05-04,12:50:00,1777879200,792,793,792,792.85,164908
2026-05-04,12:55:00,1777879500,793,793,792.55,793,166647
2026-05-04,13:00:00,1777879800,792.85,793,792.1,792.9,169095
2026-05-04,13:05:00,1777880100,792.7,793,792.05,792.9,171831
2026-05-04,13:10:00,1777880400,793,793,792.85,792.9,173755
2026-05-04,13:15:00,1777880700,793,793,792.2,793,175777
2026-05-04,13:20:00,1777881000,792.8,793,792.15,792.45,177657
2026-05-04,13:25:00,1777881300,792.5,792.8,792.05,792.6,179464
2026-05-04,13:30:00,1777881600,792,793.2,791.7,793,181583
2026-05-04,13:35:00,1777881900,792.85,793.1,791.4,792.8,184057
2026-05-04,13:40:00,1777882200,793,793,792.7,793,186129
2026-05-04,13:45:00,1777882500,792.85,793,792.75,792.75,188020
2026-05-04,13:50:00,1777882800,793,793,791.95,792.65,190898
2026-05-04,13:55:00,1777883100,792.7,793,792.1,792.2,192667
2026-05-04,14:00:00,1777883400,792.4,793,792,793,194565
2026-05-04,14:05:00,1777883700,792.8,793,792.45,792.85,196933
2026-05-04,14:10:00,1777884000,792.95,793,792.8,792.9,199387
2026-05-04,14:15:00,1777884300,793,793,792.15,792.85,203768
2026-05-04,14:20:00,1777884600,792.9,793,792.05,792.9,212372
2026-05-04,14:25:00,1777884900,793,793,792,793,215609
2026-05-04,14:30:00,1777885200,792.75,793,792.5,792.95,217807
2026-05-04,14:35:00,1777885500,793,793,792,792.6,220431
2026-05-04,14:40:00,1777885800,792.7,793.1,792.55,792.85,222911
2026-05-04,14:45:00,1777886100,792.9,793,792.2,792.75,227279
2026-05-04,14:50:00,1777886400,792.8,793,792.75,792.9,229355
2026-05-04,14:55:00,1777886700,792.95,793,792.4,793,231787
2026-05-04,15:00:00,1777887000,792.7,792.7,790.85,791.8,234070
2026-05-04,15:05:00,1777887300,791.4,792.15,790.8,791.2,239259
2026-05-04,15:10:00,1777887600,790.7,791,790.1,790.2,241815
2026-05-04,15:15:00,1777887900,790.15,792.7,789.15,792.05,248946
2026-05-04,15:20:00,1777888200,792.15,792.7,791,791.95,257503
2026-05-04,15:25:00,1777888500,791.5,792,789.1,789.1,269021
2026-05-05,09:15:00,1777952700,794,795,785.1,791.65,5575
2026-05-05,09:20:00,1777953000,791.6,792.4,788.75,791.35,8638
2026-05-05,09:25:00,1777953300,791.2,791.95,789.25,790.35,10176
2026-05-05,09:30:00,1777953600,790,791.55,789.35,789.75,12207
2026-05-05,09:35:00,1777953900,789.5,790,787.65,787.65,13214
2026-05-05,09:40:00,1777954200,787.55,790.1,787.2,789.55,13549
2026-05-05,09:45:00,1777954500,789.05,789.5,789,789.2,13879
2026-05-05,09:50:00,1777954800,789.7,790.6,789.35,790,14683
2026-05-05,09:55:00,1777955100,790,790,789.1,790,15109
2026-05-05,10:00:00,1777955400,789.55,790,785.1,785.55,23215
2026-05-05,10:05:00,1777955700,786.15,786.2,782.2,783.85,27762
2026-05-05,10:10:00,1777956000,783.35,783.35,781.4,781.4,29508
2026-05-05,10:15:00,1777956300,781.2,782.65,780.65,781.6,32725
2026-05-05,10:20:00,1777956600,781.35,782.2,778,778.75,37579
2026-05-05,10:25:00,1777956900,778.3,778.5,776,776.55,40625
2026-05-05,10:30:00,1777957200,776,781.45,775.15,779.05,65642
2026-05-05,10:35:00,1777957500,779.7,781.25,778.05,780.85,67081
2026-05-05,10:40:00,1777957800,780.9,782.65,780.7,782.05,68782
2026-05-05,10:45:00,1777958100,781.75,782.45,781,781.95,70836
2026-05-05,10:50:00,1777958400,782.4,782.4,780.5,781.15,74774
2026-05-05,10:55:00,1777958700,781.9,783.65,781,783.65,77451
2026-05-05,11:00:00,1777959000,783.1,787,783,786.7,91869
2026-05-05,11:05:00,1777959300,785.85,786.95,785.65,786.1,94107
2026-05-05,11:10:00,1777959600,786.85,789.7,785.7,787.45,102178
2026-05-05,11:15:00,1777959900,786.75,787.85,786.2,787.2,103721
2026-05-05,11:20:00,1777960200,786.85,787.8,786.05,787.15,106242
2026-05-05,11:25:00,1777960500,787.2,788.85,787.15,787.85,107752
2026-05-05,11:30:00,1777960800,788.5,790,787.15,789.05,109625
2026-05-05,11:35:00,1777961100,789.6,790.8,788.7,789.35,119587
2026-05-05,11:40:00,1777961400,789.3,790,788.1,789.25,121769
2026-05-05,11:45:00,1777961700,789.5,789.75,788.4,788.8,123320
2026-05-05,11:50:00,1777962000,789.4,790,788.6,789.65,124787
2026-05-05,11:55:00,1777962300,788.95,789.95,788.5,789.8,126980
2026-05-05,12:00:00,1777962600,789,790.9,789,790,130355
2026-05-05,12:05:00,1777962900,790.05,790.6,789.65,790.1,131199
2026-05-05,12:10:00,1777963200,790.1,790.95,790.1,790.2,132095
2026-05-05,12:15:00,1777963500,790.25,790.4,790.2,790.4,132635
2026-05-05,12:20:00,1777963800,790.45,792.15,790.45,791.5,134415
2026-05-05,12:25:00,1777964100,791.4,794.85,791.4,793.05,140043
2026-05-05,12:30:00,1777964400,793,794,793,793.3,141263
2026-05-05,12:35:00,1777964700,793.1,795.9,793,793.55,147394
2026-05-05,12:40:00,1777965000,794.5,794.8,790.55,790.55,154195
2026-05-05,12:45:00,1777965300,790.6,792.05,790.2,791.15,159038
2026-05-05,12:50:00,1777965600,791.3,791.6,790.45,791.05,160044
2026-05-05,12:55:00,1777965900,791,791.35,790.45,791.1,161381
2026-05-05,13:00:00,1777966200,791.25,791.7,790.25,790.55,162013
2026-05-05,13:05:00,1777966500,790.5,791.1,790.4,790.45,163284
2026-05-05,13:10:00,1777966800,790.4,791.1,790,790.25,166064
2026-05-05,13:15:00,1777967100,790.2,790.5,790,790,166605
2026-05-05,13:20:00,1777967400,790.15,790.5,790,790.2,167612
2026-05-05,13:25:00,1777967700,790.5,790.5,790,790,168201
2026-05-05,13:30:00,1777968000,790,790.35,790,790,168959
2026-05-05,13:35:00,1777968300,790,790.55,790,790,169477
2026-05-05,13:40:00,1777968600,790.15,790.4,789.55,790,170518
2026-05-05,13:45:00,1777968900,790.1,791.25,789.45,790.05,178517
2026-05-05,13:50:00,1777969200,790.15,790.2,789.4,790,179459
2026-05-05,13:55:00,1777969500,790.05,790.35,790,790,180381
2026-05-05,14:00:00,1777969800,790.4,790.6,789.45,790,184080
2026-05-05,14:05:00,1777970100,790.85,790.85,790,790,185006
2026-05-05,14:10:00,1777970400,790.15,790.8,790,790.1,185706
2026-05-05,14:15:00,1777970700,790,790.65,789.65,790.05,188491
2026-05-05,14:20:00,1777971000,790.2,791,789.35,789.65,195248
2026-05-05,14:25:00,1777971300,790,790.3,789.4,790,198931
2026-05-05,14:30:00,1777971600,789.6,790.15,789.3,790,202568
2026-05-05,14:35:00,1777971900,789.4,790.1,789.05,790,205766
2026-05-05,14:40:00,1777972200,789.6,790.25,789.3,789.45,209954
2026-05-05,14:45:00,1777972500,790,790.05,788.1,789.05,221421
2026-05-05,14:50:00,1777972800,789.6,790,788.6,790,226827
2026-05-05,14:55:00,1777973100,789.35,790,789.2,790,229696
2026-05-05,15:00:00,1777973400,789.95,790.2,789.05,789.05,233919
2026-05-05,15:05:00,1777973700,790,790.05,789.3,790,239894
2026-05-05,15:10:00,1777974000,789.75,790.6,789.35,790,243338
2026-05-05,15:15:00,1777974300,789.7,790,789.5,790,248070
2026-05-05,15:20:00,1777974600,789.95,794.9,789.95,794.9,251344
2026-05-05,15:25:00,1777974900,794.95,798.7,789.45,790.15,270749
2026-05-06,09:15:00,1778039100,804.25,805,795.55,799.15,21302
2026-05-06,09:20:00,1778039400,799.2,799.4,796,798.95,40947
2026-05-06,09:25:00,1778039700,799,799.65,796.15,798.65,45595
2026-05-06,09:30:00,1778040000,798.55,799,797.15,798.45,46745
2026-05-06,09:35:00,1778040300,798.2,799,797.55,797.95,49365
2026-05-06,09:40:00,1778040600,798.1,798.8,796,796.7,50894
2026-05-06,09:45:00,1778040900,796.45,797.5,795.75,797.5,52518
2026-05-06,09:50:00,1778041200,797.4,797.4,796.25,797.3,53827
2026-05-06,09:55:00,1778041500,797.4,798.05,796.5,797.9,56246
2026-05-06,10:00:00,1778041800,797.75,798.5,797.25,798.25,63886
2026-05-06,10:05:00,1778042100,797.85,798.9,797.7,798.9,68971
2026-05-06,10:10:00,1778042400,798.65,801.55,798.1,801.45,72811
2026-05-06,10:15:00,1778042700,801.5,803.5,801,801.15,82248
2026-05-06,10:20:00,1778043000,802.05,803.1,801.25,802.5,84392
2026-05-06,10:25:00,1778043300,802,805.85,801.95,804.6,93216
2026-05-06,10:30:00,1778043600,803.4,804.25,803,803,96571
2026-05-06,10:35:00,1778043900,803.05,804.1,802.6,803.1,97854
2026-05-06,10:40:00,1778044200,803.2,805.3,803.2,804,101740
2026-05-06,10:45:00,1778044500,803.45,804.7,803.45,804.7,102759
2026-05-06,10:50:00,1778044800,804.95,805.15,802.25,802.25,105274
2026-05-06,10:55:00,1778045100,802.65,802.85,801.6,802.05,106091
2026-05-06,11:00:00,1778045400,802.85,802.85,800.85,801.75,106729
2026-05-06,11:05:00,1778045700,801.1,802.7,801.1,801.95,107386
2026-05-06,11:10:00,1778046000,802.8,802.8,801.05,802.05,107975
2026-05-06,11:15:00,1778046300,802.6,804.3,802.45,802.75,114153
2026-05-06,11:20:00,1778046600,802.1,803.3,801.9,802.05,117268
2026-05-06,11:25:00,1778046900,802.6,802.7,801.55,802.65,117586
2026-05-06,11:30:00,1778047200,801.6,803.55,801.6,802.6,120900
2026-05-06,11:35:00,1778047500,803.1,806.4,802.35,806.2,129037
2026-05-06,11:40:00,1778047800,806.1,807.2,804,805,141817
2026-05-06,11:45:00,1778048100,805.05,805.05,804,804.35,142052
2026-05-06,11:50:00,1778048400,804.5,804.5,800,800.65,152651
2026-05-06,11:55:00,1778048700,800.95,802.5,800.55,801.2,154164
2026-05-06,12:00:00,1778049000,801.9,801.9,801,801.2,155118
2026-05-06,12:05:00,1778049300,801.25,801.25,800.55,800.65,156147
2026-05-06,12:10:00,1778049600,800.55,801.2,800.55,800.85,156315
2026-05-06,12:15:00,1778049900,801.1,801.5,800.25,800.5,157025
2026-05-06,12:20:00,1778050200,800.45,800.55,800,800,157859
2026-05-06,12:25:00,1778050500,800,800.35,800,800.15,158212
2026-05-06,12:30:00,1778050800,800.1,800.3,800.1,800.25,158277
2026-05-06,12:35:00,1778051100,800.3,800.8,800.3,800.8,158527
2026-05-06,12:40:00,1778051400,801,801,800.2,800.3,159501
2026-05-06,12:45:00,1778051700,800.6,801.3,800.2,800.5,159755
2026-05-06,12:50:00,1778052000,800.55,801.3,800.25,800.25,160044
2026-05-06,12:55:00,1778052300,800,800.5,800,800.3,160432
2026-05-06,13:00:00,1778052600,800.25,800.25,800,800.1,160634
2026-05-06,13:05:00,1778052900,800.1,800.85,800,800.15,161506
2026-05-06,13:10:00,1778053200,800.05,800.95,800.05,800.2,161861
2026-05-06,13:15:00,1778053500,800.2,801.6,800.2,801.5,162801
2026-05-06,13:20:00,1778053800,801.15,802.1,800.6,800.6,166535
2026-05-06,13:25:00,1778054100,800.45,801.05,800.1,800.5,167133
2026-05-06,13:30:00,1778054400,800.3,800.75,800,800.05,167939
2026-05-06,13:35:00,1778054700,800,800.75,800,800.1,168161
2026-05-06,13:40:00,1778055000,800.2,800.2,800.05,800.1,168386
2026-05-06,13:45:00,1778055300,800.15,800.25,800,800.25,168712
2026-05-06,13:50:00,1778055600,800.15,800.7,800,800.45,169624
2026-05-06,13:55:00,1778055900,800.25,801.05,800.25,800.5,169952
2026-05-06,14:00:00,1778056200,801,801.1,800.25,800.25,171647
2026-05-06,14:05:00,1778056500,800.3,800.75,800.25,800.25,173772
2026-05-06,14:10:00,1778056800,800.35,801,800,800.2,178137
2026-05-06,14:15:00,1778057100,800.3,802.05,800,800,182380
2026-05-06,14:20:00,1778057400,800.8,801.45,800.15,800.55,183779
2026-05-06,14:25:00,1778057700,800.95,802,800.95,801.55,193866
2026-05-06,14:30:00,1778058000,802.1,802.95,800.1,800.95,202112
2026-05-06,14:35:00,1778058300,800.75,802.2,800.55,801.6,205559
2026-05-06,14:40:00,1778058600,801.4,802,801.3,801.35,210133
2026-05-06,14:45:00,1778058900,801.45,803.4,801,801.5,225012
2026-05-06,14:50:00,1778059200,801.1,802,800.55,800.75,227639
2026-05-06,14:55:00,1778059500,801.55,802,800.8,801.85,229180
2026-05-06,15:00:00,1778059800,801.95,802.05,801.4,801.95,244021
2026-05-06,15:05:00,1778060100,802,802.05,801.4,801.95,252464
2026-05-06,15:10:00,1778060400,802,809,801.05,808.15,285655
2026-05-06,15:15:00,1778060700,807.8,811.5,806.35,810.05,298132
2026-05-06,15:20:00,1778061000,812,814.8,808.5,810.3,323058
2026-05-06,15:25:00,1778061300,811,816,805,806,376764
2026-05-07,09:15:00,1778125500,792.5,797.8,781.35,782.65,69860
2026-05-07,09:20:00,1778125800,782.3,786.55,782,782.4,100003
2026-05-07,09:25:00,1778126100,781.95,786.75,780.4,784.1,119549
2026-05-07,09:30:00,1778126400,784.95,788,784.8,786.3,133849
2026-05-07,09:35:00,1778126700,786.6,787,784,784.9,144086
2026-05-07,09:40:00,1778127000,784.2,785.95,784.2,785.55,151399
2026-05-07,09:45:00,1778127300,785,785.6,783.85,785.1,159481
2026-05-07,09:50:00,1778127600,784.8,785,783,783.35,164205
2026-05-07,09:55:00,1778127900,783.15,784,783,783.65,168916
2026-05-07,10:00:00,1778128200,783.1,785,783,784.85,170584
2026-05-07,10:05:00,1778128500,784.75,785.2,783.5,784.4,173046
2026-05-07,10:10:00,1778128800,784.35,784.9,784,784.35,173963
2026-05-07,10:15:00,1778129100,784.25,786.65,784.25,786.2,177290
2026-05-07,10:20:00,1778129400,785.8,786.55,777,779,210371
2026-05-07,10:25:00,1778129700,778.5,781.2,778.4,779.2,217170
2026-05-07,10:30:00,1778130000,779.4,781.85,779.2,781.85,220761
2026-05-07,10:35:00,1778130300,781.95,782,780.6,781.75,225299
2026-05-07,10:40:00,1778130600,781.7,782.05,779,779.6,229962
2026-05-07,10:45:00,1778130900,779.35,779.85,779,779.5,235391
2026-05-07,10:50:00,1778131200,779.65,780,779.1,779.1,237896
2026-05-07,10:55:00,1778131500,779.3,780.2,779,779.6,241896
2026-05-07,11:00:00,1778131800,779.7,780.15,779.4,779.65,244749
2026-05-07,11:05:00,1778132100,779.75,780.15,774.4,777.5,278472
2026-05-07,11:10:00,1778132400,777.55,777.55,776.6,776.7,281217
2026-05-07,11:15:00,1778132700,777,777,776.05,776.5,286259
2026-05-07,11:20:00,1778133000,777,777.1,775.1,776.25,291728
2026-05-07,11:25:00,1778133300,776.6,776.8,775.5,776.7,296614
2026-05-07,11:30:00,1778133600,776.75,778,776.15,777.8,298766
2026-05-07,11:35:00,1778133900,777.5,777.85,776,776,302002
2026-05-07,11:40:00,1778134200,776.3,776.9,776,776.25,305268
2026-05-07,11:45:00,1778134500,776.35,776.95,776,776,311071
2026-05-07,11:50:00,1778134800,776.05,776.65,775.2,776.15,317901
2026-05-07,11:55:00,1778135100,776.2,777.6,776,777.6,322485
2026-05-07,12:00:00,1778135400,777.4,777.95,776.15,776.15,327808
2026-05-07,12:05:00,1778135700,776.1,777.3,776.1,776.55,331813
2026-05-07,12:10:00,1778136000,776.6,777.2,775,777.2,341339
2026-05-07,12:15:00,1778136300,777.1,777.35,775,775.15,347154
2026-05-07,12:20:00,1778136600,775.4,775.5,772.75,772.75,362965
2026-05-07,12:25:00,1778136900,773.75,775.1,772.35,774.95,377263
2026-05-07,12:30:00,1778137200,774.3,775,773.05,773.85,393430
2026-05-07,12:35:00,1778137500,774.3,774.9,773.4,774.4,397918
2026-05-07,12:40:00,1778137800,774.75,775.6,774.3,774.7,406328
2026-05-07,12:45:00,1778138100,774.75,775,773.4,773.4,414414
2026-05-07,12:50:00,1778138400,773.45,775,773.15,774.6,420101
2026-05-07,12:55:00,1778138700,774.3,775.35,771.85,772.45,444078
2026-05-07,13:00:00,1778139000,772.5,773.85,772.45,773.5,447391
2026-05-07,13:05:00,1778139300,773.4,774.7,773,774.3,453683
2026-05-07,13:10:00,1778139600,774.45,774.65,773.4,774.5,457507
2026-05-07,13:15:00,1778139900,774.6,774.75,773.45,774,459517
2026-05-07,13:20:00,1778140200,774.15,774.8,773.65,774.1,462309
2026-05-07,13:25:00,1778140500,774,774.4,773.5,773.9,469288
2026-05-07,13:30:00,1778140800,774.2,774.35,773.4,774,472658
2026-05-07,13:35:00,1778141100,774.15,774.6,773.8,774.3,475653
2026-05-07,13:40:00,1778141400,774.4,774.9,774,774.75,477516
2026-05-07,13:45:00,1778141700,774.65,774.95,774.15,774.7,482373
2026-05-07,13:50:00,1778142000,774.95,775.25,774.5,774.65,489684
2026-05-07,13:55:00,1778142300,775,775.35,774.55,775.15,494996
2026-05-07,14:00:00,1778142600,774.7,775.95,774.5,775.25,499935
2026-05-07,14:05:00,1778142900,775.3,775.9,774.6,775.75,508992
2026-05-07,14:10:00,1778143200,775.85,776,775.1,775.7,515698
2026-05-07,14:15:00,1778143500,775.65,775.65,774,774.8,525022
2026-05-07,14:20:00,1778143800,775,775.4,774.05,774.75,528780
2026-05-07,14:25:00,1778144100,774.5,774.8,773.4,773.55,537297
2026-05-07,14:30:00,1778144400,773.4,774.2,773.4,773.65,541767
2026-05-07,14:35:00,1778144700,774,774.7,773.2,773.25,554678
2026-05-07,14:40:00,1778145000,773.3,774.85,773.25,774.65,558419
2026-05-07,14:45:00,1778145300,774.2,776,774.15,775.2,571868
2026-05-07,14:50:00,1778145600,775.25,775.75,774.7,775,579137
2026-05-07,14:55:00,1778145900,775.1,775.3,774,774.8,586629
2026-05-07,15:00:00,1778146200,774.7,774.9,773.25,774.2,597831
2026-05-07,15:05:00,1778146500,774.15,781.65,773.55,781.65,637788
2026-05-07,15:10:00,1778146800,782.4,782.4,773.25,773.25,660301
2026-05-07,15:15:00,1778147100,773.35,775.2,770,770.1,703878
2026-05-07,15:20:00,1778147400,770.5,771.35,768.65,770.05,730695
2026-05-07,15:25:00,1778147700,770.2,770.2,768.85,770,751926
2026-05-08,09:15:00,1778211900,773.15,773.15,762.25,766.4,18309
2026-05-08,09:20:00,1778212200,766.5,766.8,762.05,762.05,34735
2026-05-08,09:25:00,1778212500,761.7,765,761.7,764.6,50424
2026-05-08,09:30:00,1778212800,764.3,764.6,763.15,763.55,53788
2026-05-08,09:35:00,1778213100,763.5,765.5,763,764,59500
2026-05-08,09:40:00,1778213400,763.5,765.9,763.5,765.45,63626
2026-05-08,09:45:00,1778213700,765.4,765.9,764,765,71157
2026-05-08,09:50:00,1778214000,765.55,767.55,765.55,766.85,73036
2026-05-08,09:55:00,1778214300,766.95,768,766,766.3,75932
2026-05-08,10:00:00,1778214600,766,766.8,765.3,766.65,76755
2026-05-08,10:05:00,1778214900,766.3,766.75,765,765,78221
2026-05-08,10:10:00,1778215200,765.15,766.5,764.6,766.5,79627
2026-05-08,10:15:00,1778215500,766.6,768.2,765.1,768.2,82136
2026-05-08,10:20:00,1778215800,767.7,768.25,767,767.2,84161
2026-05-08,10:25:00,1778216100,767.6,768.1,767.1,767.7,85319
2026-05-08,10:30:00,1778216400,767.9,768.05,767.35,767.5,85820
2026-05-08,10:35:00,1778216700,767,767.3,765.85,766.75,88059
2026-05-08,10:40:00,1778217000,766.7,767.9,766.65,767.1,89012
2026-05-08,10:45:00,1778217300,767.15,769.2,767.15,768,92203
2026-05-08,10:50:00,1778217600,768.25,768.5,767.55,768,92574
2026-05-08,10:55:00,1778217900,768,769,767.45,768,94764
2026-05-08,11:00:00,1778218200,768.35,768.95,768.05,768.55,94983
2026-05-08,11:05:00,1778218500,768.95,770.7,768.25,768.8,101059
2026-05-08,11:10:00,1778218800,768.35,769.15,767,769.1,110393
2026-05-08,11:15:00,1778219100,769.5,770.2,769.05,770.2,111978
2026-05-08,11:20:00,1778219400,770,770.2,769.05,770.2,113785
2026-05-08,11:25:00,1778219700,770.15,771,770,770.25,114851
2026-05-08,11:30:00,1778220000,770.65,771.85,770,771.85,116005
2026-05-08,11:35:00,1778220300,771.05,771.2,770.25,771.15,119424
2026-05-08,11:40:00,1778220600,771.65,772.8,771.55,771.95,121156
2026-05-08,11:45:00,1778220900,772,772.2,771,771.75,121689
2026-05-08,11:50:00,1778221200,771,774.35,770.9,774.2,123013
2026-05-08,11:55:00,1778221500,774.55,775.75,773.85,775,133158
2026-05-08,12:00:00,1778221800,775.2,776.75,775,775.65,135674
2026-05-08,12:05:00,1778222100,776,776,772.1,772.1,138499
2026-05-08,12:10:00,1778222400,772.5,772.8,771.05,771.05,139113
2026-05-08,12:15:00,1778222700,771.15,771.25,770,770.5,139857
2026-05-08,12:20:00,1778223000,770.05,770.5,768.25,768.25,140870
2026-05-08,12:25:00,1778223300,768.5,770.65,767.85,770.65,144377
2026-05-08,12:30:00,1778223600,770.45,771.25,770.45,771.25,144841
2026-05-08,12:35:00,1778223900,771.2,774,770.85,773.95,148744
2026-05-08,12:40:00,1778224200,774.75,774.9,772.95,774.2,150677
2026-05-08,12:45:00,1778224500,774.1,774.85,773.95,774.45,152817
2026-05-08,12:50:00,1778224800,773.95,774.05,773.5,774.05,158223
2026-05-08,12:55:00,1778225100,773.5,775,773.5,774,162688
2026-05-08,13:00:00,1778225400,773.7,773.9,773.4,773.4,164498
2026-05-08,13:05:00,1778225700,773.8,774.75,773.3,773.85,167129
2026-05-08,13:10:00,1778226000,774,774.7,773.75,774.4,167589
2026-05-08,13:15:00,1778226300,774.45,774.85,774,774.6,167968
2026-05-08,13:20:00,1778226600,774.35,775.25,773.5,773.7,168612
2026-05-08,13:25:00,1778226900,773.75,774,773.05,774,169402
2026-05-08,13:30:00,1778227200,774.8,774.8,773.7,774,169778
2026-05-08,13:35:00,1778227500,774.5,774.5,772,772.15,170578
2026-05-08,13:40:00,1778227800,772.75,773.5,772.1,772.3,171295
2026-05-08,13:45:00,1778228100,772.2,773.1,771.5,772,171765
2026-05-08,13:50:00,1778228400,772.4,772.5,771,771.7,172584
2026-05-08,13:55:00,1778228700,771.9,772.3,770.8,771,173648
2026-05-08,14:00:00,1778229000,770.85,771.2,770.4,770.85,174756
2026-05-08,14:05:00,1778229300,770.25,774.7,770.25,774.35,179675
2026-05-08,14:10:00,1778229600,774.25,775.95,773.5,773.6,184814
2026-05-08,14:15:00,1778229900,774.25,774.25,772.95,774,185677
2026-05-08,14:20:00,1778230200,773.95,773.95,772.25,772.55,187836
2026-05-08,14:25:00,1778230500,773.6,773.8,767.25,767.35,204944
2026-05-08,14:30:00,1778230800,767.25,768.05,761.5,762.45,227206
2026-05-08,14:35:00,1778231100,762.3,762.65,760.25,760.9,239649
2026-05-08,14:40:00,1778231400,761.2,763.95,760.5,763.8,244173
2026-05-08,14:45:00,1778231700,763.15,764.15,762.25,764.15,246525
2026-05-08,14:50:00,1778232000,764,764.25,760.7,760.7,251697
2026-05-08,14:55:00,1778232300,760.2,761.1,759.75,761.1,257974
2026-05-08,15:00:00,1778232600,759.75,759.75,758,758.3,261467
2026-05-08,15:05:00,1778232900,758.75,759.1,757.6,757.6,265367
2026-05-08,15:10:00,1778233200,757.85,758.35,756.65,757.15,274270
2026-05-08,15:15:00,1778233500,757.55,759.35,757.1,757.1,279145
2026-05-08,15:20:00,1778233800,758.1,759.1,756.85,759,286222
2026-05-08,15:25:00,1778234100,759.35,760.5,757.35,760.25,291776
2026-05-11,09:15:00,1778471100,762.6,762.6,752,752.25,11434
2026-05-11,09:20:00,1778471400,752.1,758.05,750.75,757.05,21951
2026-05-11,09:25:00,1778471700,756.45,760.25,756,760.25,27663
2026-05-11,09:30:00,1778472000,760.15,760.15,755.35,756.25,30998
2026-05-11,09:35:00,1778472300,756,757.45,755.25,756.05,35926
2026-05-11,09:40:00,1778472600,756,757.45,754,754.15,38677
2026-05-11,09:45:00,1778472900,755,755,752.4,754.05,42725
2026-05-11,09:50:00,1778473200,753.9,754,750,751.8,48523
2026-05-11,09:55:00,1778473500,752.05,754.7,750.95,750.95,99568
2026-05-11,10:00:00,1778473800,750.4,751.85,750,751.5,102030
2026-05-11,10:05:00,1778474100,751,751.85,749.05,749.95,103893
2026-05-11,10:10:00,1778474400,749.7,751,748.3,748.3,112557
2026-05-11,10:15:00,1778474700,748.2,748.25,741,741.9,119232
2026-05-11,10:20:00,1778475000,741.15,744.25,740.4,743.9,129132
2026-05-11,10:25:00,1778475300,743.75,744.1,741.4,742.4,131830
2026-05-11,10:30:00,1778475600,742.6,743.5,742.5,743.2,134440
2026-05-11,10:35:00,1778475900,743.25,743.55,742.6,742.7,137358
2026-05-11,10:40:00,1778476200,743.1,743.85,742.8,743.6,140420
2026-05-11,10:45:00,1778476500,743.65,743.75,743,743.75,142646
2026-05-11,10:50:00,1778476800,743.7,744.25,743,744.25,148328
2026-05-11,10:55:00,1778477100,744.4,746.65,744.4,745.15,152669
2026-05-11,11:00:00,1778477400,745.2,746.75,745.15,746.15,154508
2026-05-11,11:05:00,1778477700,746.35,747.3,746.15,746.85,155270
2026-05-11,11:10:00,1778478000,747,747.8,746.95,747,155986
2026-05-11,11:15:00,1778478300,747.4,748.5,747.3,748.5,157150
2026-05-11,11:20:00,1778478600,748.75,751.1,747,747.5,159803
2026-05-11,11:25:00,1778478900,747.9,749.5,747.65,747.9,161334
2026-05-11,11:30:00,1778479200,748.05,749.7,748.05,749.25,163113
2026-05-11,11:35:00,1778479500,749.5,750,749.05,749.3,163892
2026-05-11,11:40:00,1778479800,749.65,751.55,749.35,750.55,167068
2026-05-11,11:45:00,1778480100,750.7,751,749.1,750.65,168663
2026-05-11,11:50:00,1778480400,750.35,752.85,750.25,752.6,172559
2026-05-11,11:55:00,1778480700,752.2,752.85,750.4,750.95,174106
2026-05-11,12:00:00,1778481000,751.1,751.5,750,750.55,175163
2026-05-11,12:05:00,1778481300,750.15,751.8,750,751.8,175961
2026-05-11,12:10:00,1778481600,751.35,752.4,750.8,752.4,176667
2026-05-11,12:15:00,1778481900,751.95,752.65,750.3,751.95,177651
2026-05-11,12:20:00,1778482200,752.05,752.75,751.55,752.65,178403
2026-05-11,12:25:00,1778482500,752.25,753.4,751.75,752.7,180033
2026-05-11,12:30:00,1778482800,752.75,753.2,750,750.9,186246
2026-05-11,12:35:00,1778483100,751,751.15,749.05,749.55,191583
2026-05-11,12:40:00,1778483400,749.6,750,747.25,747.75,197333
2026-05-11,12:45:00,1778483700,747.85,748.65,747.1,748.05,199649
2026-05-11,12:50:00,1778484000,748.2,749.5,748.05,748.95,201590
2026-05-11,12:55:00,1778484300,748.85,749.9,748.6,749.35,204058
2026-05-11,13:00:00,1778484600,749.15,749.4,748,748.15,207080
2026-05-11,13:05:00,1778484900,748,749.55,748,749.4,209325
2026-05-11,13:10:00,1778485200,749.3,750.1,749,749.65,212141
2026-05-11,13:15:00,1778485500,749.7,750.05,749,749.4,215320
2026-05-11,13:20:00,1778485800,749.45,750.4,749.1,750.25,217515
2026-05-11,13:25:00,1778486100,750.05,750.5,750,750,218839
2026-05-11,13:30:00,1778486400,750.15,751.5,749.35,749.6,222640
2026-05-11,13:35:00,1778486700,750.25,750.6,748.15,748.45,227300
2026-05-11,13:40:00,1778487000,748.25,749.55,748.05,748.95,231883
2026-05-11,13:45:00,1778487300,749.25,749.85,748.55,748.85,234645
2026-05-11,13:50:00,1778487600,748.75,749.9,748.55,749.5,237722
2026-05-11,13:55:00,1778487900,749.65,749.95,748.7,748.85,242731
2026-05-11,14:00:00,1778488200,748.5,749.95,748.5,749.65,245005
2026-05-11,14:05:00,1778488500,749.85,750.4,749.15,749.9,347649
2026-05-11,14:10:00,1778488800,749.95,750.2,749.5,749.9,351345
2026-05-11,14:15:00,1778489100,749.95,750.25,749.5,749.75,354940
2026-05-11,14:20:00,1778489400,750,750.4,749.45,749.95,358972
2026-05-11,14:25:00,1778489700,750,751.95,749.8,750.6,361580
2026-05-11,14:30:00,1778490000,750.15,751,750.1,750.45,363415
2026-05-11,14:35:00,1778490300,750.7,750.9,750.05,750.1,364848
2026-05-11,14:40:00,1778490600,750.25,750.95,750,750.95,366457
2026-05-11,14:45:00,1778490900,750.7,751.75,750.2,750.65,370412
2026-05-11,14:50:00,1778491200,750.95,752.5,750.25,751,375835
2026-05-11,14:55:00,1778491500,751.05,751.05,750,750.5,383013
2026-05-11,15:00:00,1778491800,750.45,750.75,749.25,750.75,395564
2026-05-11,15:05:00,1778492100,750.55,752,749.6,749.6,428852
2026-05-11,15:10:00,1778492400,749.9,750.6,749.5,749.65,437482
2026-05-11,15:15:00,1778492700,749.55,750.3,749.1,749.75,447086
2026-05-11,15:20:00,1778493000,749.95,749.95,747.2,747.85,458114
2026-05-11,15:25:00,1778493300,747.75,748.8,746,748.8,468014
2026-05-12,09:15:00,1778557500,749.5,749.5,739.6,743,5712
2026-05-12,09:20:00,1778557800,742,743,737.5,739.05,10230
2026-05-12,09:25:00,1778558100,739.85,739.85,732.75,733.25,15922
2026-05-12,09:30:00,1778558400,732.75,733.9,731,732.15,21729
2026-05-12,09:35:00,1778558700,732.2,737.85,732.2,736.4,24446
2026-05-12,09:40:00,1778559000,736.55,739.8,736.55,738.35,26465
2026-05-12,09:45:00,1778559300,738.4,739.55,736.95,737.95,27915
2026-05-12,09:50:00,1778559600,737.65,738.5,737.2,737.2,28589
2026-05-12,09:55:00,1778559900,736.95,737.75,735.15,736.2,29983
2026-05-12,10:00:00,1778560200,736.1,737.3,735.05,736.75,31835
2026-05-12,10:05:00,1778560500,736.85,737.55,736,736.5,32944
2026-05-12,10:10:00,1778560800,736.45,737.4,731.7,733.15,46712
2026-05-12,10:15:00,1778561100,733.2,734.15,733.2,733.2,47977
2026-05-12,10:20:00,1778561400,733.65,734.5,732,732,49499
2026-05-12,10:25:00,1778561700,732,732.9,726.75,727.2,53672
2026-05-12,10:30:00,1778562000,727.3,727.85,724.4,725,62759
2026-05-12,10:35:00,1778562300,725.55,726.2,723.2,724.05,66443
2026-05-12,10:40:00,1778562600,724.2,724.6,721,722.25,89272
2026-05-12,10:45:00,1778562900,722.2,722.8,720.4,721.9,91833
2026-05-12,10:50:00,1778563200,721.8,723.75,721.5,723.65,94306
2026-05-12,10:55:00,1778563500,723.7,725,720.7,721.65,98186
2026-05-12,11:00:00,1778563800,721.85,721.9,718.6,721.1,107172
2026-05-12,11:05:00,1778564100,721.25,722,720.45,721.65,114363
2026-05-12,11:10:00,1778564400,721.55,722.35,721.55,721.8,117745
2026-05-12,11:15:00,1778564700,721.6,722.15,721.55,721.95,123959
2026-05-12,11:20:00,1778565000,722,722.55,721.65,722,130695
2026-05-12,11:25:00,1778565300,722.15,722.15,719.85,721.75,140580
2026-05-12,11:30:00,1778565600,722,722.55,721.35,722.3,146454
2026-05-12,11:35:00,1778565900,722.6,725,722.6,724.85,150429
2026-05-12,11:40:00,1778566200,725,725.8,724.7,725.35,151147
2026-05-12,11:45:00,1778566500,724.4,725.1,724.2,725.1,156987
2026-05-12,11:50:00,1778566800,725,725.65,724.4,725.45,158449
2026-05-12,11:55:00,1778567100,725.05,725.8,725,725.3,158924
2026-05-12,12:00:00,1778567400,725,725.65,725,725.65,159479
2026-05-12,12:05:00,1778567700,725.5,725.65,719.75,721.45,182697
2026-05-12,12:10:00,1778568000,721.6,723.2,721.4,722.35,185755
2026-05-12,12:15:00,1778568300,722.25,724.55,722.1,724.4,189803
2026-05-12,12:20:00,1778568600,724.3,725.1,723.55,724.85,192215
2026-05-12,12:25:00,1778568900,725,725.4,724.1,724.35,194504
2026-05-12,12:30:00,1778569200,724.65,725,721.75,722.8,198445
2026-05-12,12:35:00,1778569500,722.6,723.3,719.45,720.95,209570
2026-05-12,12:40:00,1778569800,721.2,723.85,720.7,723.85,212703
2026-05-12,12:45:00,1778570100,722.85,724.3,721.5,724.15,220494
2026-05-12,12:50:00,1778570400,724,724.3,719.8,721.05,230381
2026-05-12,12:55:00,1778570700,721,722.65,720.1,720.1,233201
2026-05-12,13:00:00,1778571000,720.25,722.15,719.15,719.9,237220
2026-05-12,13:05:00,1778571300,719.35,720.05,718.05,719.7,243049
2026-05-12,13:10:00,1778571600,719.05,719.7,717.7,719.6,245561
2026-05-12,13:15:00,1778571900,719.5,720.25,718.65,719.75,247896
2026-05-12,13:20:00,1778572200,720.05,720.05,719.3,719.45,249253
2026-05-12,13:25:00,1778572500,719.55,720.3,719.3,719.9,251357
2026-05-12,13:30:00,1778572800,719.75,720.3,718.85,719.85,253626
2026-05-12,13:35:00,1778573100,719.5,720.05,719,719.3,255322
2026-05-12,13:40:00,1778573400,719.4,720.3,718.5,719.4,258123
2026-05-12,13:45:00,1778573700,719.25,719.95,717.5,718.4,262414
2026-05-12,13:50:00,1778574000,718.45,719.7,718.3,718.6,265497
2026-05-12,13:55:00,1778574300,718.5,719.15,717,717.65,270886
2026-05-12,14:00:00,1778574600,717.55,718.95,716.75,718.5,274414
2026-05-12,14:05:00,1778574900,718.3,719.4,716.9,717.4,278559
2026-05-12,14:10:00,1778575200,717.3,718.45,717.2,717.9,281001
2026-05-12,14:15:00,1778575500,718.05,719.4,717.65,718.9,283605
2026-05-12,14:20:00,1778575800,719.15,720.75,718,720.25,286613
2026-05-12,14:25:00,1778576100,720.1,720.45,718.9,719.65,289337
2026-05-12,14:30:00,1778576400,719.25,720.2,718.95,719.05,291944
2026-05-12,14:35:00,1778576700,719.3,720.35,718.3,718.3,294374
2026-05-12,14:40:00,1778577000,718.45,719,717.65,717.65,299832
2026-05-12,14:45:00,1778577300,717.4,719,717.4,718.5,302150
2026-05-12,14:50:00,1778577600,718.7,719,717.65,718.95,305100
2026-05-12,14:55:00,1778577900,718.45,719,717.2,718.65,307943
2026-05-12,15:00:00,1778578200,718.3,718.4,717,717.45,313703
2026-05-12,15:05:00,1778578500,717.55,720.7,717.2,719,335411
2026-05-12,15:10:00,1778578800,719.05,719.75,717.85,719.25,352065
2026-05-12,15:15:00,1778579100,718.15,720,717.05,718.85,372772
2026-05-12,15:20:00,1778579400,718.9,719.75,717.2,718.25,392773
2026-05-12,15:25:00,1778579700,718,719.25,716,716.4,406023
2026-05-13,09:15:00,1778643900,718,720.05,706.85,707.55,15117
2026-05-13,09:20:00,1778644200,707.6,708.05,703.35,705.9,32905
2026-05-13,09:25:00,1778644500,705.5,705.85,701.7,701.7,44640
2026-05-13,09:30:00,1778644800,701.05,702.95,700.45,701.95,52611
2026-05-13,09:35:00,1778645100,701.25,701.25,697,697.4,61684
2026-05-13,09:40:00,1778645400,697.45,700.85,696,700.45,68220
2026-05-13,09:45:00,1778645700,700,700.3,690.4,690.55,79819
2026-05-13,09:50:00,1778646000,690.35,694.75,688.2,693.5,91812
2026-05-13,09:55:00,1778646300,693.55,695.5,693,693.5,98270
2026-05-13,10:00:00,1778646600,692.85,695.4,692.6,694.35,105484
2026-05-13,10:05:00,1778646900,694.7,695,692.2,692.2,113850
2026-05-13,10:10:00,1778647200,693.2,694.85,692.25,694.45,119358
2026-05-13,10:15:00,1778647500,694.15,696.9,694.15,695,125589
2026-05-13,10:20:00,1778647800,694.85,696.45,694.85,695.6,128615
2026-05-13,10:25:00,1778648100,695.65,696.3,694.5,694.5,133413
2026-05-13,10:30:00,1778648400,694.45,695.55,694.1,695.55,135266
2026-05-13,10:35:00,1778648700,695.9,695.9,693.75,693.75,137209
2026-05-13,10:40:00,1778649000,693.4,694.75,693.35,693.9,138528
2026-05-13,10:45:00,1778649300,694.3,694.5,693.4,694.05,142075
2026-05-13,10:50:00,1778649600,693.85,695,693.4,694.7,144418
2026-05-13,10:55:00,1778649900,694.6,695,693.5,693.5,145166
2026-05-13,11:00:00,1778650200,692.9,694.35,692.7,693.85,146022
2026-05-13,11:05:00,1778650500,694,694.55,693.45,694.4,146873
2026-05-13,11:10:00,1778650800,694.45,694.8,693.35,694.8,147514
2026-05-13,11:15:00,1778651100,694.15,698,694.15,697.15,154070
2026-05-13,11:20:00,1778651400,697.05,698.45,695.3,696.45,157299
2026-05-13,11:25:00,1778651700,696.35,697.8,695.75,697.05,158578
2026-05-13,11:30:00,1778652000,696.8,699,696.8,697.6,161138
2026-05-13,11:35:00,1778652300,697.5,699.25,696.5,699,164931
2026-05-13,11:40:00,1778652600,698.7,700,698,699.4,167909
2026-05-13,11:45:00,1778652900,699.35,700.1,697.55,697.55,170906
2026-05-13,11:50:00,1778653200,697.35,699,697.35,698.8,172812
2026-05-13,11:55:00,1778653500,698.35,703.35,697.5,697.5,178004
2026-05-13,12:00:00,1778653800,698.35,699.25,698.25,698.9,178687
2026-05-13,12:05:00,1778654100,698.45,701.05,697.95,699.9,181297
2026-05-13,12:10:00,1778654400,700.1,701.85,700.05,700.65,182680
2026-05-13,12:15:00,1778654700,704.5,704.65,698.55,699.3,190119
2026-05-13,12:20:00,1778655000,698.7,700,698.7,699.3,191304
2026-05-13,12:25:00,1778655300,699,700.9,699,699.85,193171
2026-05-13,12:30:00,1778655600,700.3,700.3,698.65,698.95,193871
2026-05-13,12:35:00,1778655900,699.55,699.55,696.1,696.8,196416
2026-05-13,12:40:00,1778656200,696.6,699.5,696.15,699.5,197781
2026-05-13,12:45:00,1778656500,699,700,698.25,700,198788
2026-05-13,12:50:00,1778656800,699.55,701,698.95,699.35,206457
2026-05-13,12:55:00,1778657100,699.2,702,699.2,700.5,209785
2026-05-13,13:00:00,1778657400,700.6,700.6,697.35,697.6,214485
2026-05-13,13:05:00,1778657700,698.3,698.6,695.8,696.85,219497
2026-05-13,13:10:00,1778658000,696.45,696.75,695.5,696.2,221729
2026-05-13,13:15:00,1778658300,696.65,697.15,695.75,696.45,223710
2026-05-13,13:20:00,1778658600,696.85,696.9,695.75,696.4,225626
2026-05-13,13:25:00,1778658900,696.15,696.75,695.75,695.75,227766
2026-05-13,13:30:00,1778659200,696,697.6,695.75,696.85,230213
2026-05-13,13:35:00,1778659500,697,698.3,695.75,696.5,232623
2026-05-13,13:40:00,1778659800,696.55,697.2,695.75,696.15,234844
2026-05-13,13:45:00,1778660100,695.9,696.65,694.4,694.85,240419
2026-05-13,13:50:00,1778660400,695.6,695.65,694.1,695,243597
2026-05-13,13:55:00,1778660700,694.75,695,693.5,694,245390
2026-05-13,14:00:00,1778661000,694.05,695,692.7,692.7,247485
2026-05-13,14:05:00,1778661300,692.9,694.5,692.7,693.75,251106
2026-05-13,14:10:00,1778661600,693.85,696.9,693.8,696.1,253900
2026-05-13,14:15:00,1778661900,696.15,696.35,695,695,257913
2026-05-13,14:20:00,1778662200,695.2,695.9,694.9,694.9,260094
2026-05-13,14:25:00,1778662500,695,695.75,695,695,262034
2026-05-13,14:30:00,1778662800,695.2,696.1,694.95,695.2,266021
2026-05-13,14:35:00,1778663100,695.45,696.8,695,696.2,268158
2026-05-13,14:40:00,1778663400,696.15,696.5,695,695,271393
2026-05-13,14:45:00,1778663700,695.55,695.65,695,695.1,273892
2026-05-13,14:50:00,1778664000,695.55,695.8,694.8,695,276962
2026-05-13,14:55:00,1778664300,695.25,695.85,694.9,695.1,282570
2026-05-13,15:00:00,1778664600,695.25,695.4,694.85,695,288818
2026-05-13,15:05:00,1778664900,695.05,695.9,694.6,695.3,294260
2026-05-13,15:10:00,1778665200,695.35,695.5,694.95,695.3,310341
2026-05-13,15:15:00,1778665500,695.5,696.25,694.8,695,322432
2026-05-13,15:20:00,1778665800,695.05,695.4,694.05,695,341185
2026-05-13,15:25:00,1778666100,695.15,696,694.8,695,347963
2026-05-14,09:15:00,1778730300,696.05,697.9,691,695.9,12569
2026-05-14,09:20:00,1778730600,694.95,696.2,693.1,693.15,16050
2026-05-14,09:25:00,1778730900,693.9,699,693.9,697.95,18197
2026-05-14,09:30:00,1778731200,697.9,697.9,695,695,20092
2026-05-14,09:35:00,1778731500,694.6,694.6,690.05,690.05,22618
2026-05-14,09:40:00,1778731800,690,690.4,686,686,24890
2026-05-14,09:45:00,1778732100,685.7,689.8,685.7,689,28189
2026-05-14,09:50:00,1778732400,688.25,689,686.8,687.15,30102
2026-05-14,09:55:00,1778732700,687.1,687.1,685.5,685.75,31406
2026-05-14,10:00:00,1778733000,685.9,688.65,685,688.15,31938
2026-05-14,10:05:00,1778733300,688.5,689.3,687.05,687.9,32824
2026-05-14,10:10:00,1778733600,687.65,690,686.85,688.5,38474
2026-05-14,10:15:00,1778733900,688.15,690,687.05,690,39110
2026-05-14,10:20:00,1778734200,689.1,689.1,686.15,687.75,44650
2026-05-14,10:25:00,1778734500,688.15,688.15,684.1,685,47995
2026-05-14,10:30:00,1778734800,684.85,684.85,683.4,684.5,52878
2026-05-14,10:35:00,1778735100,684.5,684.8,683.35,683.6,53649
2026-05-14,10:40:00,1778735400,684,684.3,682.05,682.75,58186
2026-05-14,10:45:00,1778735700,683.2,683.2,681.3,682.15,59331
2026-05-14,10:50:00,1778736000,682.1,682.8,680.5,681.25,61137
2026-05-14,10:55:00,1778736300,680.7,681.9,680,680,64000
2026-05-14,11:00:00,1778736600,680.75,680.8,680,680,64497
2026-05-14,11:05:00,1778736900,680.15,680.4,679,679.5,65355
2026-05-14,11:10:00,1778737200,679.65,682.5,679.65,682.4,69879
2026-05-14,11:15:00,1778737500,682.7,684.1,681.9,681.9,70833
2026-05-14,11:20:00,1778737800,682.05,685.1,681.7,684.5,73152
2026-05-14,11:25:00,1778738100,684.45,685.6,684.45,685.6,73952
2026-05-14,11:30:00,1778738400,684.95,687.4,684.75,686.05,75050
2026-05-14,11:35:00,1778738700,685.9,687.75,685.85,687.15,79293
2026-05-14,11:40:00,1778739000,687.05,688.65,686,688.65,80404
2026-05-14,11:45:00,1778739300,688.8,689.35,687.9,688.85,82153
2026-05-14,11:50:00,1778739600,689.6,692.05,688.95,692.05,83958
2026-05-14,11:55:00,1778739900,692.4,694.5,692.2,694.4,86437
2026-05-14,12:00:00,1778740200,694.2,694.75,693.05,693.85,87900
2026-05-14,12:05:00,1778740500,694.15,695.4,694,694,89301
2026-05-14,12:10:00,1778740800,693.5,694.7,692.25,694.7,90438
2026-05-14,12:15:00,1778741100,694.55,696.5,694.3,695.25,91778
2026-05-14,12:20:00,1778741400,695.8,697.15,695.2,696.65,94573
2026-05-14,12:25:00,1778741700,697.05,697.05,696,696.7,95849
2026-05-14,12:30:00,1778742000,696.45,697.1,696.35,696.55,96991
2026-05-14,12:35:00,1778742300,697,697.95,696.35,697.2,98388
2026-05-14,12:40:00,1778742600,697.45,698.65,696.6,698.2,99723
2026-05-14,12:45:00,1778742900,697.9,698.05,696.4,697.4,99880
2026-05-14,12:50:00,1778743200,697.35,697.75,695.35,695.95,100854
2026-05-14,12:55:00,1778743500,696.55,698.6,696.55,698.15,102586
2026-05-14,13:00:00,1778743800,698.15,700.9,698.15,700.9,105000
2026-05-14,13:05:00,1778744100,700.05,700.6,699.9,700.6,105620
2026-05-14,13:10:00,1778744400,699.85,700.2,699.15,699.55,105840
2026-05-14,13:15:00,1778744700,699.6,699.95,698.4,698.4,106498
2026-05-14,13:20:00,1778745000,698.75,699.4,698.75,698.75,106596
2026-05-14,13:25:00,1778745300,698.75,699.2,698.55,698.9,106668
2026-05-14,13:30:00,1778745600,699.45,699.45,697.5,698.2,107296
2026-05-14,13:35:00,1778745900,698.05,698.7,697,697.3,108214
2026-05-14,13:40:00,1778746200,697.2,698.2,696.1,697.9,118131
2026-05-14,13:45:00,1778746500,698.1,700.35,697.65,697.65,118833
2026-05-14,13:50:00,1778746800,697.05,697.9,696.1,696.7,118984
2026-05-14,13:55:00,1778747100,696.75,699.25,696.75,698.7,120339
2026-05-14,14:00:00,1778747400,699.25,699.25,698.15,699.2,120716
2026-05-14,14:05:00,1778747700,699.05,702.55,698.9,702.55,123788
2026-05-14,14:10:00,1778748000,701.9,702.5,701.15,701.35,124082
2026-05-14,14:15:00,1778748300,701.8,703.75,701.1,701.45,126677
2026-05-14,14:20:00,1778748600,701,701.45,700.45,700.75,128257
2026-05-14,14:25:00,1778748900,700.65,701,700.6,700.65,128352
2026-05-14,14:30:00,1778749200,700.65,701.9,700.3,701.9,129013
2026-05-14,14:35:00,1778749500,701.8,702.2,700,701.3,129365
2026-05-14,14:40:00,1778749800,701.15,701.4,700.15,700.4,130582
2026-05-14,14:45:00,1778750100,700.3,700.9,700,700.9,131049
2026-05-14,14:50:00,1778750400,700.05,701.1,699.55,700.9,131949
2026-05-14,14:55:00,1778750700,700,700.95,700,700.8,133359
2026-05-14,15:00:00,1778751000,701.4,701.4,700.05,701.25,135282
2026-05-14,15:05:00,1778751300,700.75,701.4,700,700.55,137781
2026-05-14,15:10:00,1778751600,700.8,700.8,699.6,700.5,139783
2026-05-14,15:15:00,1778751900,700,700.65,699.8,700.5,142031
2026-05-14,15:20:00,1778752200,700,701.25,700,700.9,146353
2026-05-14,15:25:00,1778752500,701.35,702.05,699.3,699.3,150915
2026-05-15,09:15:00,1778816700,700.7,702.65,696.55,696.7,5370
2026-05-15,09:20:00,1778817000,696.95,697.6,695.05,695.55,6294
2026-05-15,09:25:00,1778817300,695.5,697.55,695.15,695.95,7219
2026-05-15,09:30:00,1778817600,695.55,697.8,693.8,694.8,9309
2026-05-15,09:35:00,1778817900,694.2,698.45,693.6,698.45,10672
2026-05-15,09:40:00,1778818200,698.4,700.55,697.1,699.8,11573
2026-05-15,09:45:00,1778818500,699.95,700.6,698.1,698.3,13511
2026-05-15,09:50:00,1778818800,698.4,699.8,698.05,698.45,13917
2026-05-15,09:55:00,1778819100,698.5,699.55,698.45,698.65,14021
2026-05-15,10:00:00,1778819400,699.2,699.2,698.05,699.05,14474
2026-05-15,10:05:00,1778819700,699,699,695.1,695.1,14822
2026-05-15,10:10:00,1778820000,695.2,696.15,695.1,696.15,15023
2026-05-15,10:15:00,1778820300,696.05,697.5,696.05,696.95,15395
2026-05-15,10:20:00,1778820600,696.35,697.95,696.2,696.8,15608
2026-05-15,10:25:00,1778820900,697.7,697.75,696.05,697.1,17142
2026-05-15,10:30:00,1778821200,696.4,697.35,696.35,697.35,17953
2026-05-15,10:35:00,1778821500,697.2,697.2,695.15,695.15,18541
2026-05-15,10:40:00,1778821800,695.1,697,694.3,695.35,19933
2026-05-15,10:45:00,1778822100,695.55,697.1,695.35,696.9,20094
2026-05-15,10:50:00,1778822400,697.15,697.35,695.55,696.25,20335
2026-05-15,10:55:00,1778822700,696.8,696.8,695.3,696.1,20683
2026-05-15,11:00:00,1778823000,696,696.55,695.65,696.2,20824
2026-05-15,11:05:00,1778823300,695.65,696.15,694.45,694.55,21365
2026-05-15,11:10:00,1778823600,694.6,695.9,694.55,694.6,22005
2026-05-15,11:15:00,1778823900,694.35,694.35,693.05,693.4,23176
2026-05-15,11:20:00,1778824200,693.45,693.9,693.05,693.6,23711
2026-05-15,11:25:00,1778824500,693.15,693.6,693.15,693.15,23952
2026-05-15,11:30:00,1778824800,693.15,693.4,691.95,692.4,25148
2026-05-15,11:35:00,1778825100,692.05,692.9,691.65,692.15,25417
2026-05-15,11:40:00,1778825400,692.65,692.7,691,691,26751
2026-05-15,11:45:00,1778825700,690.85,692.35,690.3,691.45,27316
2026-05-15,11:50:00,1778826000,691.25,693.85,691.25,692,28204
2026-05-15,11:55:00,1778826300,691.8,692.05,691.6,691.9,28521
2026-05-15,12:00:00,1778826600,691.8,693.1,691.7,692,28670
2026-05-15,12:05:00,1778826900,692.5,694.05,692.5,693,29110
2026-05-15,12:10:00,1778827200,693,693.5,691.75,691.8,29896
2026-05-15,12:15:00,1778827500,692.25,692.4,691.05,691.1,31552
2026-05-15,12:20:00,1778827800,691.55,691.55,691.05,691.1,31593
2026-05-15,12:25:00,1778828100,691.3,691.85,691,691,32940
2026-05-15,12:30:00,1778828400,690.45,691.6,690.4,691.35,33301
2026-05-15,12:35:00,1778828700,691.2,691.85,690.85,691.25,33656
2026-05-15,12:40:00,1778829000,691.6,693.3,691.3,691.5,34752
2026-05-15,12:45:00,1778829300,691.35,692.6,691.35,692.1,34798
2026-05-15,12:50:00,1778829600,692.15,692.65,691.85,691.9,34858
2026-05-15,12:55:00,1778829900,691.75,692.3,691.6,691.95,34932
2026-05-15,13:00:00,1778830200,692,693,691.05,691.7,36241
2026-05-15,13:05:00,1778830500,691.55,692.5,691.55,692.5,36712
2026-05-15,13:10:00,1778830800,691.8,693,691.8,692,37145
2026-05-15,13:15:00,1778831100,691.8,692.35,691.6,692.1,37436
2026-05-15,13:20:00,1778831400,692.85,692.85,692,692.15,37867
2026-05-15,13:25:00,1778831700,692.5,692.5,692.15,692.2,37951
2026-05-15,13:30:00,1778832000,692.5,692.5,691.7,692.3,38408
2026-05-15,13:35:00,1778832300,692,692.5,690.3,690.3,40231
2026-05-15,13:40:00,1778832600,690.85,691.5,690.2,690.2,41898
2026-05-15,13:45:00,1778832900,690.15,690.7,688.45,688.7,47084
2026-05-15,13:50:00,1778833200,688.4,689.8,688.4,689.4,47194
2026-05-15,13:55:00,1778833500,689.8,689.8,689.4,689.45,47248
2026-05-15,14:00:00,1778833800,689.7,689.8,689.4,689.4,47470
2026-05-15,14:05:00,1778834100,689.4,689.85,689.15,689.15,48206
2026-05-15,14:10:00,1778834400,688.8,690.4,688.8,689.75,48717
2026-05-15,14:15:00,1778834700,689.2,689.8,689.05,689.05,48859
2026-05-15,14:20:00,1778835000,689.4,689.4,688.65,688.65,49184
2026-05-15,14:25:00,1778835300,688.6,688.6,687.8,688.25,50366
2026-05-15,14:30:00,1778835600,688.7,688.7,687.5,688.7,51941
2026-05-15,14:35:00,1778835900,688.2,688.55,686.7,687.2,54346
2026-05-15,14:40:00,1778836200,688.2,688.85,688,688,54958
2026-05-15,14:45:00,1778836500,687.8,687.9,686.15,686.15,55653
2026-05-15,14:50:00,1778836800,686.05,686.85,686.05,686.65,56173
2026-05-15,14:55:00,1778837100,688.1,688.4,687.15,688.3,60785
2026-05-15,15:00:00,1778837400,688.4,690.15,688.4,689,62467
2026-05-15,15:05:00,1778837700,689.65,690.15,687.1,687.5,63697
2026-05-15,15:10:00,1778838000,687.65,688,686.4,687.75,66279
2026-05-15,15:15:00,1778838300,687.8,689,687.4,689,68084
2026-05-15,15:20:00,1778838600,689.15,689.95,687.9,688.75,70819
2026-05-15,15:25:00,1778838900,689.25,689.95,685,688,75917
2026-05-18,09:15:00,1779075900,686.65,686.65,673.95,675.15,7057
2026-05-18,09:20:00,1779076200,674.75,674.9,671.1,673.25,10508
2026-05-18,09:25:00,1779076500,673.15,674,670.6,670.6,16312
2026-05-18,09:30:00,1779076800,671.65,673.8,670.1,672.6,19550
2026-05-18,09:35:00,1779077100,672.55,673,662.3,665.6,32989
2026-05-18,09:40:00,1779077400,665.1,666.95,663.2,663.25,37349
2026-05-18,09:45:00,1779077700,662.7,664.65,660.4,660.8,44952
2026-05-18,09:50:00,1779078000,660.55,661.45,657.9,658.2,51769
2026-05-18,09:55:00,1779078300,658.95,660.55,658.1,660,54794
2026-05-18,10:00:00,1779078600,660.6,661.45,659.65,660.25,58020
2026-05-18,10:05:00,1779078900,660.95,661.5,659.5,659.8,59581
2026-05-18,10:10:00,1779079200,659.7,660.75,659.5,660.2,60889
2026-05-18,10:15:00,1779079500,660.15,661.75,660,660.95,68974
2026-05-18,10:20:00,1779079800,660.2,661.05,660.1,660.75,70122
2026-05-18,10:25:00,1779080100,660.05,660.75,659.7,660,73070
2026-05-18,10:30:00,1779080400,659.7,660.6,658.7,660.45,75434
2026-05-18,10:35:00,1779080700,660.75,661.65,660.15,661,76632
2026-05-18,10:40:00,1779081000,661.6,662,659.1,660.1,78595
2026-05-18,10:45:00,1779081300,660.25,660.45,659.1,659.1,79677
2026-05-18,10:50:00,1779081600,659.65,660.3,659.15,660,80766
2026-05-18,10:55:00,1779081900,660.25,661.05,659.5,660.95,83006
2026-05-18,11:00:00,1779082200,660.3,661.6,660.15,660.55,85362
2026-05-18,11:05:00,1779082500,660.9,661.95,660.55,661.5,86784
2026-05-18,11:10:00,1779082800,661.95,662.4,661.35,661.7,88024
2026-05-18,11:15:00,1779083100,661.6,662.2,661.35,661.7,89078
2026-05-18,11:20:00,1779083400,661.65,665.45,661.65,663.75,97095
2026-05-18,11:25:00,1779083700,662.7,664.35,662.5,663.5,100223
2026-05-18,11:30:00,1779084000,664.1,665.05,663.4,664.3,103357
2026-05-18,11:35:00,1779084300,665,666.45,664.45,665.15,111427
2026-05-18,11:40:00,1779084600,665,665.45,664.55,664.9,113025
2026-05-18,11:45:00,1779084900,665.15,665.95,664.8,665.95,114995
2026-05-18,11:50:00,1779085200,665.5,665.95,664.8,665,116218
2026-05-18,11:55:00,1779085500,664.95,665.45,664,664,118140
2026-05-18,12:00:00,1779085800,664.2,665.05,663.6,664.35,121408
2026-05-18,12:05:00,1779086100,664.85,665.1,664.35,664.75,122769
2026-05-18,12:10:00,1779086400,665,665,664.3,664.45,124604
2026-05-18,12:15:00,1779086700,664.95,665,661.25,661.4,128012
2026-05-18,12:20:00,1779087000,662.1,662.1,661.05,661.45,130425
2026-05-18,12:25:00,1779087300,662.1,663.1,661.55,662.25,133041
2026-05-18,12:30:00,1779087600,662.3,664.45,661.85,664,134636
2026-05-18,12:35:00,1779087900,664.65,664.75,662.6,662.6,137031
2026-05-18,12:40:00,1779088200,662.45,662.85,661.15,661.2,140234
2026-05-18,12:45:00,1779088500,661.6,662.4,661.1,661.8,142929
2026-05-18,12:50:00,1779088800,662.1,662.85,661.8,662.4,144927
2026-05-18,12:55:00,1779089100,662.8,663.55,662.2,663.25,147116
2026-05-18,13:00:00,1779089400,663.5,664.25,662.2,662.55,150631
2026-05-18,13:05:00,1779089700,662.2,663,661.55,662.6,153983
2026-05-18,13:10:00,1779090000,662.35,662.7,661.5,662.7,156317
2026-05-18,13:15:00,1779090300,662.25,662.85,661.7,662.1,158552
2026-05-18,13:20:00,1779090600,662.2,663.8,661.85,663.2,160980
2026-05-18,13:25:00,1779090900,663.85,664.45,662.2,662.2,163048
2026-05-18,13:30:00,1779091200,662.55,663.7,662.3,663.4,165200
2026-05-18,13:35:00,1779091500,663.55,664.25,662.25,664.2,169111
2026-05-18,13:40:00,1779091800,664.15,665,663,663.05,174304
2026-05-18,13:45:00,1779092100,662.85,663.5,662,663.2,178524
2026-05-18,13:50:00,1779092400,663.5,663.5,662.1,662.95,181240
2026-05-18,13:55:00,1779092700,662.55,663.5,662.55,662.6,184088
2026-05-18,14:00:00,1779093000,663,663.45,662.05,662.75,187688
2026-05-18,14:05:00,1779093300,662.45,663,662.15,662.85,189646
2026-05-18,14:10:00,1779093600,662.95,663,662.05,662.35,192211
2026-05-18,14:15:00,1779093900,662.8,662.85,662.05,662.75,194239
2026-05-18,14:20:00,1779094200,662.35,662.95,662.25,662.85,196086
2026-05-18,14:25:00,1779094500,662.45,663.35,662.3,662.45,199556
2026-05-18,14:30:00,1779094800,662.85,663.2,662.45,663,202635
2026-05-18,14:35:00,1779095100,662.7,663.2,662.5,662.65,205438
2026-05-18,14:40:00,1779095400,662.55,663,662.05,662.5,212791
2026-05-18,14:45:00,1779095700,662.25,663.15,662.15,662.75,214261
2026-05-18,14:50:00,1779096000,662.55,663.35,662.05,662.6,217547
2026-05-18,14:55:00,1779096300,663.1,663.6,662.45,663.6,219959
2026-05-18,15:00:00,1779096600,663.3,666.55,663.3,663.3,232585
2026-05-18,15:05:00,1779096900,663.1,664.6,662.6,663.1,237464
2026-05-18,15:10:00,1779097200,662.5,663,662.05,662.2,241157
2026-05-18,15:15:00,1779097500,662.05,662.9,661.65,662.75,247532
2026-05-18,15:20:00,1779097800,662.15,663.65,662.05,662.85,251434
2026-05-18,15:25:00,1779098100,662.95,663.45,662.05,663,259531
2026-05-19,09:15:00,1779162300,664.95,664.95,657.05,658.55,8423
2026-05-19,09:20:00,1779162600,659.15,661.5,659,661.5,10394
2026-05-19,09:25:00,1779162900,661.1,662.45,660.65,661.5,13737
2026-05-19,09:30:00,1779163200,662.2,662.45,659.05,659.15,18817
2026-05-19,09:35:00,1779163500,658.5,660,657.25,659.6,23112
2026-05-19,09:40:00,1779163800,659.5,663.45,659.5,662.1,28612
2026-05-19,09:45:00,1779164100,662,663,661.15,662.15,31884
2026-05-19,09:50:00,1779164400,662.4,663,660.45,661.25,36205
2026-05-19,09:55:00,1779164700,661,661.35,660,660.45,38944
2026-05-19,10:00:00,1779165000,660.3,662.9,660.3,661.65,41470
2026-05-19,10:05:00,1779165300,661.75,663.3,661.55,663,44716
2026-05-19,10:10:00,1779165600,662.95,665.85,662.95,664.85,57963
2026-05-19,10:15:00,1779165900,664.55,664.8,662.55,662.55,71767
2026-05-19,10:20:00,1779166200,662.8,663.2,662.15,663.2,72799
2026-05-19,10:25:00,1779166500,663.25,663.75,662.25,663,75222
2026-05-19,10:30:00,1779166800,662.9,663.7,662.6,663.6,77429
2026-05-19,10:35:00,1779167100,662.4,664,662.35,663,80896
2026-05-19,10:40:00,1779167400,663.25,663.85,662.6,663.2,85048
2026-05-19,10:45:00,1779167700,663.45,665.85,663,663.9,107701
2026-05-19,10:50:00,1779168000,664.45,664.5,662.75,663.3,112869
2026-05-19,10:55:00,1779168300,663.05,664.15,663,664,114896
2026-05-19,11:00:00,1779168600,663.5,664.25,663.4,664.2,116375
2026-05-19,11:05:00,1779168900,663.85,664.1,662.4,663.15,118491
2026-05-19,11:10:00,1779169200,663.1,663.75,662.9,663,120285
2026-05-19,11:15:00,1779169500,663.5,664.05,662.8,663.3,124271
2026-05-19,11:20:00,1779169800,662.6,663.6,662.55,663.2,125465
2026-05-19,11:25:00,1779170100,663,663.6,662.75,663.4,126450
2026-05-19,11:30:00,1779170400,663.6,663.75,663,663.4,127330
2026-05-19,11:35:00,1779170700,663.8,663.8,662.7,663.55,128464
2026-05-19,11:40:00,1779171000,663.8,664.25,663.2,664.25,129392
2026-05-19,11:45:00,1779171300,663.65,664.25,663.2,664.1,132977
2026-05-19,11:50:00,1779171600,663.55,664.1,663.05,663.5,134585
2026-05-19,11:55:00,1779171900,663.75,664.2,662.6,663.6,136207
2026-05-19,12:00:00,1779172200,663.05,663.6,662.3,662.35,138856
2026-05-19,12:05:00,1779172500,662.3,662.95,661.05,661.9,141973
2026-05-19,12:10:00,1779172800,661.55,662.15,661.15,662.15,142907
2026-05-19,12:15:00,1779173100,661.85,662.85,660.85,662.7,149242
2026-05-19,12:20:00,1779173400,662.75,663,662,663,150025
2026-05-19,12:25:00,1779173700,662.45,663.2,661.25,663.2,153407
2026-05-19,12:30:00,1779174000,663.15,664,662.55,664,154910
2026-05-19,12:35:00,1779174300,663.95,663.95,662,662,157020
2026-05-19,12:40:00,1779174600,662.25,662.85,661.3,662.4,159200
2026-05-19,12:45:00,1779174900,661.95,662.7,661.6,662.15,160224
2026-05-19,12:50:00,1779175200,661.6,662.65,661.5,662.65,161579
2026-05-19,12:55:00,1779175500,662.15,662.7,661.45,662.35,162281
2026-05-19,13:00:00,1779175800,661.85,662.65,661.5,662.35,163185
2026-05-19,13:05:00,1779176100,661.55,662.2,661,661.05,164255
2026-05-19,13:10:00,1779176400,661.15,661.45,660.7,660.85,165210
2026-05-19,13:15:00,1779176700,661.1,662.45,660.85,661.35,166826
2026-05-19,13:20:00,1779177000,661.3,662.35,661.2,662.2,167893
2026-05-19,13:25:00,1779177300,662.05,662.35,661.25,661.85,169621
2026-05-19,13:30:00,1779177600,661.6,662.3,661.05,662.05,170933
2026-05-19,13:35:00,1779177900,661.5,662.05,660.85,661.5,172877
2026-05-19,13:40:00,1779178200,661.55,661.95,660.95,661.5,173587
2026-05-19,13:45:00,1779178500,661.3,662.3,661.25,662.3,174325
2026-05-19,13:50:00,1779178800,661.85,662.75,661.5,661.85,174979
2026-05-19,13:55:00,1779179100,661.5,662.25,661.5,662.1,176340
2026-05-19,14:00:00,1779179400,662.15,663.6,661.1,663.1,180499
2026-05-19,14:05:00,1779179700,662.8,663.1,662.35,662.5,181206
2026-05-19,14:10:00,1779180000,662.75,663,662,662.75,181870
2026-05-19,14:15:00,1779180300,662.15,662.95,658.4,659.1,188371
2026-05-19,14:20:00,1779180600,659.25,661.3,659,660.8,189987
2026-05-19,14:25:00,1779180900,660.9,660.9,659.6,660,191571
2026-05-19,14:30:00,1779181200,660.25,660.8,659.4,660,193662
2026-05-19,14:35:00,1779181500,659.95,660.7,659.4,660.7,196116
2026-05-19,14:40:00,1779181800,660.15,661.95,659.3,659.8,198037
2026-05-19,14:45:00,1779182100,659.35,659.8,657.35,658.5,202266
2026-05-19,14:50:00,1779182400,658.1,658.5,657.85,658.45,203952
2026-05-19,14:55:00,1779182700,658,658.45,657.75,658.4,205484
2026-05-19,15:00:00,1779183000,658.55,660.85,658.5,660.5,209187
2026-05-19,15:05:00,1779183300,660.55,662.85,660.5,661.35,218065
2026-05-19,15:10:00,1779183600,662.45,663.15,661.6,662.55,243239
2026-05-19,15:15:00,1779183900,662.7,663,660.15,660.4,252661
2026-05-19,15:20:00,1779184200,660.7,661,660.1,660.75,259042
2026-05-19,15:25:00,1779184500,660.1,660.1,657.05,658.25,267634
2026-05-20,09:15:00,1779248700,655,655,644.4,646.45,26028
2026-05-20,09:20:00,1779249000,646,646,643.6,644.65,44453
2026-05-20,09:25:00,1779249300,644.3,644.95,640.35,640.8,69573
2026-05-20,09:30:00,1779249600,640.45,653.6,640.45,652.8,96098
2026-05-20,09:35:00,1779249900,655.25,659.1,652.2,659.1,116024
2026-05-20,09:40:00,1779250200,658.7,659.8,656.6,659.3,120730
2026-05-20,09:45:00,1779250500,659.7,665,659.1,664.85,131177
2026-05-20,09:50:00,1779250800,665.4,666.5,663.5,664.95,136875
2026-05-20,09:55:00,1779251100,664.5,666.45,664.2,666.4,142503
2026-05-20,10:00:00,1779251400,666.45,667.5,665,665.4,148378
2026-05-20,10:05:00,1779251700,665.65,666.3,663.4,665.45,157591
2026-05-20,10:10:00,1779252000,665.65,668.15,665.55,665.85,161096
2026-05-20,10:15:00,1779252300,667,668,665.95,667.2,162671
2026-05-20,10:20:00,1779252600,666.35,668.25,665.6,666.05,164734
2026-05-20,10:25:00,1779252900,665.55,668.55,665,668.5,178628
2026-05-20,10:30:00,1779253200,668.45,669.65,667.75,669.65,184426
2026-05-20,10:35:00,1779253500,669.75,671.8,669.15,671.75,189531
2026-05-20,10:40:00,1779253800,671.1,673,671,672.5,194595
2026-05-20,10:45:00,1779254100,672.2,672.5,671.3,671.3,203119
2026-05-20,10:50:00,1779254400,671.4,673.7,670,672.1,213955
2026-05-20,10:55:00,1779254700,672.6,673.5,672.6,673.5,214833
2026-05-20,11:00:00,1779255000,672.95,673.5,672.85,673.45,215393
2026-05-20,11:05:00,1779255300,673.4,673.5,672.75,673.3,216581
2026-05-20,11:10:00,1779255600,673.25,673.5,672.75,673.5,217174
2026-05-20,11:15:00,1779255900,673.45,673.9,673.2,673.85,218921
2026-05-20,11:20:00,1779256200,673.9,674.8,673.5,674.5,225267
2026-05-20,11:25:00,1779256500,674,674.95,674,674.95,227757
2026-05-20,11:30:00,1779256800,675,675,674.1,674.1,230021
2026-05-20,11:35:00,1779257100,674.2,675.85,674.05,675.85,231248
2026-05-20,11:40:00,1779257400,675.5,676.9,675.15,676.35,233776
2026-05-20,11:45:00,1779257700,676.5,677.5,676,677.5,236195
2026-05-20,11:50:00,1779258000,677.1,677.5,673.8,674.65,239928
2026-05-20,11:55:00,1779258300,675.25,676,674.1,676,242282
2026-05-20,12:00:00,1779258600,675.4,676.95,674.15,674.3,257983
2026-05-20,12:05:00,1779258900,674.8,674.8,672.55,673.95,260991
2026-05-20,12:10:00,1779259200,673.6,674,672.95,673.65,261920
2026-05-20,12:15:00,1779259500,673.15,674.95,673.15,674.15,263847
2026-05-20,12:20:00,1779259800,674.2,674.95,674.2,674.55,264327
2026-05-20,12:25:00,1779260100,675,676.45,674.55,675.1,268024
2026-05-20,12:30:00,1779260400,674.95,675.85,674.55,674.85,269523
2026-05-20,12:35:00,1779260700,675.5,676,675,676,270355
2026-05-20,12:40:00,1779261000,676.4,676.5,675.6,676.3,271266
2026-05-20,12:45:00,1779261300,676.5,676.95,676.3,676.95,272031
2026-05-20,12:50:00,1779261600,677,677.9,676.95,677.9,275677
2026-05-20,12:55:00,1779261900,677.1,677.9,676.65,677.8,278898
2026-05-20,13:00:00,1779262200,677.85,677.85,675.3,676.3,284875
2026-05-20,13:05:00,1779262500,676.15,677.65,674.95,676.3,287273
2026-05-20,13:10:00,1779262800,676.8,677.3,676.2,676.3,287845
2026-05-20,13:15:00,1779263100,676.85,676.9,675.15,675.3,288477
2026-05-20,13:20:00,1779263400,675.8,676.8,675.4,676.4,289899
2026-05-20,13:25:00,1779263700,676.65,676.9,675.5,675.9,290703
2026-05-20,13:30:00,1779264000,675.8,677,675.5,677,292698
2026-05-20,13:35:00,1779264300,676.7,677.9,676.7,677.75,297387
2026-05-20,13:40:00,1779264600,677.65,678,677,678,300330
2026-05-20,13:45:00,1779264900,677.95,678,677.6,678,300938
2026-05-20,13:50:00,1779265200,678.35,678.9,677.9,678.85,303307
2026-05-20,13:55:00,1779265500,678.9,680.2,678.8,680.2,305391
2026-05-20,14:00:00,1779265800,680.6,680.7,676.2,679.05,312393
2026-05-20,14:05:00,1779266100,679.8,681.5,679.1,681.5,317604
2026-05-20,14:10:00,1779266400,681.45,681.6,680.35,681.25,319615
2026-05-20,14:15:00,1779266700,681.45,682.7,681.2,682.2,323010
2026-05-20,14:20:00,1779267000,682.3,682.95,681.45,682.05,327358
2026-05-20,14:25:00,1779267300,682.6,684,682.45,684,330049
2026-05-20,14:30:00,1779267600,684.5,685.95,681.3,682.25,346000
2026-05-20,14:35:00,1779267900,682.4,683.45,681.05,682.25,350985
2026-05-20,14:40:00,1779268200,682.15,682.55,681.1,681.75,352797
2026-05-20,14:45:00,1779268500,682.5,683.65,681.8,683,354118
2026-05-20,14:50:00,1779268800,683.3,683.9,682.85,683,355592
2026-05-20,14:55:00,1779269100,683.8,683.8,680.55,681.25,361107
2026-05-20,15:00:00,1779269400,681.8,681.8,679.25,680.6,366208
2026-05-20,15:05:00,1779269700,680.5,680.8,680,680.2,368735
2026-05-20,15:10:00,1779270000,679.55,680.55,679.55,680.2,373029
2026-05-20,15:15:00,1779270300,681,681,678.55,679.7,381842
2026-05-20,15:20:00,1779270600,679.65,679.7,678.65,679.15,385162
2026-05-20,15:25:00,1779270900,679.35,679.85,676.1,679,390346
2026-05-21,09:15:00,1779335100,683.35,686.4,679.15,680.5,9359
2026-05-21,09:20:00,1779335400,681.15,682.6,679.85,679.85,14271
2026-05-21,09:25:00,1779335700,680.45,680.65,675.05,675.05,17357
2026-05-21,09:30:00,1779336000,675.45,677.25,673.45,675.2,21531
2026-05-21,09:35:00,1779336300,676,677.7,674.2,677.05,27740
2026-05-21,09:40:00,1779336600,676.2,676.8,673,674.7,31402
2026-05-21,09:45:00,1779336900,674.1,674.65,673.2,673.4,33708
2026-05-21,09:50:00,1779337200,674.15,674.5,672.6,673.9,39021
2026-05-21,09:55:00,1779337500,673.7,674.15,672.35,673.05,41732
2026-05-21,10:00:00,1779337800,673.45,674.15,673.05,673.65,42736
2026-05-21,10:05:00,1779338100,673.4,674.4,673,673.65,44201
2026-05-21,10:10:00,1779338400,673.4,674.3,673.2,673.9,45739
2026-05-21,10:15:00,1779338700,673.8,674.4,673.1,674.25,47291
2026-05-21,10:20:00,1779339000,673.4,674.2,673.2,673.45,48733
2026-05-21,10:25:00,1779339300,673.3,676,673.25,674.35,50788
2026-05-21,10:30:00,1779339600,674.2,674.85,673.75,674.3,52101
2026-05-21,10:35:00,1779339900,673.8,674.3,672,672.3,54513
2026-05-21,10:40:00,1779340200,672.05,672.9,672,672.15,56107
2026-05-21,10:45:00,1779340500,672.75,672.9,670,670,59458
2026-05-21,10:50:00,1779340800,670.35,671.3,669.75,669.75,66941
2026-05-21,10:55:00,1779341100,670.1,670.5,669.15,669.15,71394
2026-05-21,11:00:00,1779341400,669.1,670,668.6,669,74433
2026-05-21,11:05:00,1779341700,669.1,669.8,669.1,669.35,76703
2026-05-21,11:10:00,1779342000,669.8,670,668.2,668.2,78162
2026-05-21,11:15:00,1779342300,668.25,669.2,667.2,667.8,82713
2026-05-21,11:20:00,1779342600,667.9,669.65,667.9,669.15,84834
2026-05-21,11:25:00,1779342900,669.2,669.45,668.1,668.2,86695
2026-05-21,11:30:00,1779343200,668.7,669.6,668.1,669.3,89231
2026-05-21,11:35:00,1779343500,669.8,669.8,668.5,668.5,90399
2026-05-21,11:40:00,1779343800,669.15,669.15,668.2,668.75,91320
2026-05-21,11:45:00,1779344100,668.65,669.55,668.25,668.25,92195
2026-05-21,11:50:00,1779344400,668.35,669.15,668.35,668.45,97266
2026-05-21,11:55:00,1779344700,668.4,669.3,668.4,668.6,98564
2026-05-21,12:00:00,1779345000,668.5,669.05,668.5,668.5,99480
2026-05-21,12:05:00,1779345300,669,669.15,668.4,668.45,100550
2026-05-21,12:10:00,1779345600,668.85,669.55,668.35,669.2,102394
2026-05-21,12:15:00,1779345900,668.65,670,668.6,669.45,107436
2026-05-21,12:20:00,1779346200,669.9,669.9,669.15,669.55,108936
2026-05-21,12:25:00,1779346500,669.2,669.85,669,669,110301
2026-05-21,12:30:00,1779346800,668.8,669.1,668.2,668.4,112238
2026-05-21,12:35:00,1779347100,668.3,669.2,668.2,668.2,113204
2026-05-21,12:40:00,1779347400,668.8,668.8,666.75,666.75,116968
2026-05-21,12:45:00,1779347700,666.7,667.75,666.3,667.55,117845
2026-05-21,12:50:00,1779348000,666.8,667.95,666.8,667.45,118607
2026-05-21,12:55:00,1779348300,667.2,667.6,666.85,666.95,119538
2026-05-21,13:00:00,1779348600,666.85,667.5,666.85,666.9,120689
2026-05-21,13:05:00,1779348900,666.85,667.4,666.85,666.85,121686
2026-05-21,13:10:00,1779349200,666.85,668.05,666.85,668,124577
2026-05-21,13:15:00,1779349500,668.55,669.35,668,668.15,128430
2026-05-21,13:20:00,1779349800,668.2,668.6,668.05,668.05,129195
2026-05-21,13:25:00,1779350100,668,668.3,667,667.05,129959
2026-05-21,13:30:00,1779350400,667.6,669.1,667.15,669.1,134206
2026-05-21,13:35:00,1779350700,668.6,669.55,668.6,669.2,137355
2026-05-21,13:40:00,1779351000,669.5,669.55,668.3,668.55,138065
2026-05-21,13:45:00,1779351300,668.3,668.95,667.9,667.9,138878
2026-05-21,13:50:00,1779351600,667.8,668.15,666.85,667.3,141206
2026-05-21,13:55:00,1779351900,667.65,667.95,666.95,667.75,142643
2026-05-21,14:00:00,1779352200,667.8,668.3,667,667.1,143493
2026-05-21,14:05:00,1779352500,667.15,667.85,667,667.45,144549
2026-05-21,14:10:00,1779352800,667.2,667.75,666.6,666.6,146253
2026-05-21,14:15:00,1779353100,667.3,667.55,666.5,666.85,147079
2026-05-21,14:20:00,1779353400,667,667.9,666.75,666.75,147876
2026-05-21,14:25:00,1779353700,667.6,667.9,666.7,666.95,149145
2026-05-21,14:30:00,1779354000,666.85,667.7,666.8,666.8,150064
2026-05-21,14:35:00,1779354300,666.65,667.7,666.65,667.2,151531
2026-05-21,14:40:00,1779354600,667.15,668.2,667,667,154095
2026-05-21,14:45:00,1779354900,667.3,668.4,667,668.4,156831
2026-05-21,14:50:00,1779355200,668.15,668.35,667.45,667.55,158395
2026-05-21,14:55:00,1779355500,667.45,668.65,667.45,667.8,160101
2026-05-21,15:00:00,1779355800,668.3,670.25,668,669.25,164950
2026-05-21,15:05:00,1779356100,669,670.55,668.9,670.3,171335
2026-05-21,15:10:00,1779356400,670.2,670.9,667.65,667.75,176027
2026-05-21,15:15:00,1779356700,668.3,669.3,667.05,667.6,178887
2026-05-21,15:20:00,1779357000,667.95,668.85,667,667.45,183617
2026-05-21,15:25:00,1779357300,667.5,667.95,665.4,666.9,189880
2026-05-22,09:15:00,1779421500,674,674,658.6,659.15,10852
2026-05-22,09:20:00,1779421800,658.5,659.15,654.35,656.4,24004
2026-05-22,09:25:00,1779422100,656.05,657.2,654.5,655.5,37357
2026-05-22,09:30:00,1779422400,655.8,657,654.15,657,51086
2026-05-22,09:35:00,1779422700,656.3,657.55,656.25,656.25,54264
2026-05-22,09:40:00,1779423000,656.1,657.15,654.85,655.45,58377
2026-05-22,09:45:00,1779423300,654.65,654.65,653.15,654,69032
2026-05-22,09:50:00,1779423600,654.45,655.5,653.45,654.8,72443
2026-05-22,09:55:00,1779423900,655,655.6,654.5,654.5,75690
2026-05-22,10:00:00,1779424200,655.05,655.05,654.25,654.4,77753
2026-05-22,10:05:00,1779424500,654.7,655.4,654.05,654.5,80304
2026-05-22,10:10:00,1779424800,654.55,655.85,654.4,654.7,84590
2026-05-22,10:15:00,1779425100,654.1,654.15,652.45,652.55,91721
2026-05-22,10:20:00,1779425400,652.85,654.4,652.55,652.65,98147
2026-05-22,10:25:00,1779425700,653,653.75,652.65,653.1,99986
2026-05-22,10:30:00,1779426000,653,653.5,652.65,653,102458
2026-05-22,10:35:00,1779426300,653.35,653.9,652.7,652.7,105454
2026-05-22,10:40:00,1779426600,652.8,657.5,651.9,657.4,207687
2026-05-22,10:45:00,1779426900,657.35,659.7,656.1,656.15,223054
2026-05-22,10:50:00,1779427200,656.3,659.25,656.15,659.25,227700
2026-05-22,10:55:00,1779427500,658.75,662.75,658.5,662,235213
2026-05-22,11:00:00,1779427800,662.05,664.25,662,662.55,244289
2026-05-22,11:05:00,1779428100,662,663,661.5,663,247441
2026-05-22,11:10:00,1779428400,663.05,664.4,662.7,663.85,251334
2026-05-22,11:15:00,1779428700,664.3,664.3,663.45,663.55,253771
2026-05-22,11:20:00,1779429000,663.95,664,663,663.6,256401
2026-05-22,11:25:00,1779429300,663.5,663.75,662.45,663.75,258910
2026-05-22,11:30:00,1779429600,663.7,664.45,663.05,663.8,260879
2026-05-22,11:35:00,1779429900,663.5,664.95,663.15,664.7,262760
2026-05-22,11:40:00,1779430200,665,666,664.55,666,264211
2026-05-22,11:45:00,1779430500,666.25,666.9,666,666.5,266140
2026-05-22,11:50:00,1779430800,666.25,667,664.95,666.95,269210
2026-05-22,11:55:00,1779431100,666.65,667,665,665.05,270781
2026-05-22,12:00:00,1779431400,665.15,668.85,664.95,668.55,280409
2026-05-22,12:05:00,1779431700,668.35,668.55,667.8,668.3,283564
2026-05-22,12:10:00,1779432000,668.45,670.85,667.95,669.9,289681
2026-05-22,12:15:00,1779432300,669.7,670.2,669.3,669.5,290466
2026-05-22,12:20:00,1779432600,669.55,670.25,669,669.5,291687
2026-05-22,12:25:00,1779432900,669.8,669.8,669,669,292557
2026-05-22,12:30:00,1779433200,668.8,671,668.8,669,301106
2026-05-22,12:35:00,1779433500,669.05,670.15,669,669.5,302740
2026-05-22,12:40:00,1779433800,669.55,671.95,669,671.55,306081
2026-05-22,12:45:00,1779434100,672,672.05,670.6,671.4,307215
2026-05-22,12:50:00,1779434400,671.2,671.4,670.85,671.2,307422
2026-05-22,12:55:00,1779434700,671.3,671.95,671.1,671.4,310043
2026-05-22,13:00:00,1779435000,671.45,671.9,669.8,670.05,312485
2026-05-22,13:05:00,1779435300,670.1,673.95,669.9,671.1,320825
2026-05-22,13:10:00,1779435600,670.7,671.85,670.45,670.6,321413
2026-05-22,13:15:00,1779435900,671,671.05,670.5,670.5,322017
2026-05-22,13:20:00,1779436200,670.85,670.85,669.3,669.7,322609
2026-05-22,13:25:00,1779436500,670,670.95,669.6,669.6,323877
2026-05-22,13:30:00,1779436800,670.2,670.4,669.6,669.9,324876
2026-05-22,13:35:00,1779437100,669.95,670.55,669.7,669.75,326037
2026-05-22,13:40:00,1779437400,669.75,670.3,669.6,669.6,326363
2026-05-22,13:45:00,1779437700,669.85,670.75,669.6,670.3,327087
2026-05-22,13:50:00,1779438000,670,670.55,670,670.25,327685
2026-05-22,13:55:00,1779438300,670.2,671.65,670.2,671.4,328214
2026-05-22,14:00:00,1779438600,671.45,671.6,671,671.05,328672
2026-05-22,14:05:00,1779438900,671,671.95,670.9,671.75,329804
2026-05-22,14:10:00,1779439200,671.4,671.95,671.05,671.6,330601
2026-05-22,14:15:00,1779439500,671.1,671.95,671,671.1,332060
2026-05-22,14:20:00,1779439800,671.45,671.8,671,671.8,332958
2026-05-22,14:25:00,1779440100,671.2,671.8,671,671.4,333810
2026-05-22,14:30:00,1779440400,671,671.45,671,671,334238
2026-05-22,14:35:00,1779440700,671,671.05,671,671,334675
2026-05-22,14:40:00,1779441000,671.05,671.35,671,671.25,337136
2026-05-22,14:45:00,1779441300,671,671.8,671,671.35,339730
2026-05-22,14:50:00,1779441600,671.25,671.75,671.25,671.3,340967
2026-05-22,14:55:00,1779441900,671.25,671.75,671,671.75,342368
2026-05-22,15:00:00,1779442200,671.05,671.5,671,671.4,344723
2026-05-22,15:05:00,1779442500,671.5,672.5,671.4,672.1,349265
2026-05-22,15:10:00,1779442800,672.6,672.65,672,672.6,354248
2026-05-22,15:15:00,1779443100,672.65,673.2,671.15,671.55,363221
2026-05-22,15:20:00,1779443400,672,673.2,671.4,671.95,368156
2026-05-22,15:25:00,1779443700,671.45,674.9,671,674.9,385972
2026-05-25,09:15:00,1779680700,674.95,680.8,673.05,680.5,5660
2026-05-25,09:20:00,1779681000,679.8,683.8,679.8,683.1,10533
2026-05-25,09:25:00,1779681300,683,683.7,681.2,681.8,13793
2026-05-25,09:30:00,1779681600,681.2,681.55,676.2,676.85,17576
2026-05-25,09:35:00,1779681900,676.15,677.95,676.1,676.9,20382
2026-05-25,09:40:00,1779682200,677.45,678.75,676.9,677.95,21960
2026-05-25,09:45:00,1779682500,677.85,678.5,676.2,676.2,24020
2026-05-25,09:50:00,1779682800,676.9,677.4,675.8,676.25,24799
2026-05-25,09:55:00,1779683100,676.15,676.8,674.15,674.7,26184
2026-05-25,10:00:00,1779683400,674.25,675,673.85,674.6,27372
2026-05-25,10:05:00,1779683700,674.2,674.9,671.8,673.6,38105
2026-05-25,10:10:00,1779684000,673.35,674.1,673.35,673.7,38511
2026-05-25,10:15:00,1779684300,673.45,674.8,673.45,674.05,39504
2026-05-25,10:20:00,1779684600,674.95,675.25,674,674,41097
2026-05-25,10:25:00,1779684900,674.5,674.5,673.45,674.25,42177
2026-05-25,10:30:00,1779685200,674,674.45,673.7,673.7,45676
2026-05-25,10:35:00,1779685500,673.9,674.8,673.75,674.8,46310
2026-05-25,10:40:00,1779685800,674.25,675.25,674.2,674.75,47042
2026-05-25,10:45:00,1779686100,675.3,675.3,674.1,674.8,47777
2026-05-25,10:50:00,1779686400,674.2,675,674.1,674.55,48582
2026-05-25,10:55:00,1779686700,674.6,674.85,674.2,674.3,49012
2026-05-25,11:00:00,1779687000,674.25,674.8,673.7,674.8,52235
2026-05-25,11:05:00,1779687300,674.15,674.75,673.4,674.3,53147
2026-05-25,11:10:00,1779687600,674,675.45,674,675.15,55087
2026-05-25,11:15:00,1779687900,675.45,675.8,675.15,675.15,55916
2026-05-25,11:20:00,1779688200,675.55,675.55,674.45,674.45,56154
2026-05-25,11:25:00,1779688500,674.75,674.75,673.6,673.7,56919
2026-05-25,11:30:00,1779688800,674.2,675.4,673.8,675.2,57435
2026-05-25,11:35:00,1779689100,675.3,676.5,675.05,676.25,58716
2026-05-25,11:40:00,1779689400,676.5,676.5,673,673.15,62378
2026-05-25,11:45:00,1779689700,673.4,674.45,672.95,674.05,63333
2026-05-25,11:50:00,1779690000,674,674.75,673.5,674.35,64010
2026-05-25,11:55:00,1779690300,674.65,674.75,671.65,672.4,73717
2026-05-25,12:00:00,1779690600,672.25,673.2,671.7,672.55,76391
2026-05-25,12:05:00,1779690900,672.75,672.75,671.55,671.65,78616
2026-05-25,12:10:00,1779691200,671.75,672.55,671.75,672.2,78953
2026-05-25,12:15:00,1779691500,672.65,673.35,672.25,672.3,80386
2026-05-25,12:20:00,1779691800,672.5,673.5,672.5,673.05,81206
2026-05-25,12:25:00,1779692100,673.1,673.55,672.65,673,81526
2026-05-25,12:30:00,1779692400,673.1,673.55,672.6,672.7,81758
2026-05-25,12:35:00,1779692700,673.25,673.55,672.45,672.45,81994
2026-05-25,12:40:00,1779693000,672.45,673.15,671.95,672.5,83359
2026-05-25,12:45:00,1779693300,672.35,672.9,671.8,672,84576
2026-05-25,12:50:00,1779693600,671.65,672.75,671.65,672.75,85810
2026-05-25,12:55:00,1779693900,672.2,672.35,671.65,671.65,86236
2026-05-25,13:00:00,1779694200,672.1,672.4,670.4,670.45,88570
2026-05-25,13:05:00,1779694500,671.1,671.45,670.4,670.55,88955
2026-05-25,13:10:00,1779694800,670.65,671.6,670.5,671.1,91224
2026-05-25,13:15:00,1779695100,671.1,671.4,670.65,670.65,93484
2026-05-25,13:20:00,1779695400,670.7,671.2,670.65,671.2,93727
2026-05-25,13:25:00,1779695700,670.7,671.7,670.7,671.2,94446
2026-05-25,13:30:00,1779696000,671.2,671.95,671,671,97221
2026-05-25,13:35:00,1779696300,671.15,671.8,670.7,670.7,98489
2026-05-25,13:40:00,1779696600,670.7,672,670.7,671.3,101358
2026-05-25,13:45:00,1779696900,671.25,671.6,671,671.05,101666
2026-05-25,13:50:00,1779697200,671.55,671.6,670.7,670.7,102457
2026-05-25,13:55:00,1779697500,671,671,670.7,671,102778
2026-05-25,14:00:00,1779697800,670.7,671.4,670.2,671.15,106094
2026-05-25,14:05:00,1779698100,670.5,670.75,668.65,669,109507
2026-05-25,14:10:00,1779698400,668.85,669.45,668.7,669,109969
2026-05-25,14:15:00,1779698700,668.9,669.35,668.8,668.85,110520
2026-05-25,14:20:00,1779699000,669.25,669.65,668.5,669.15,111266
2026-05-25,14:25:00,1779699300,669.2,669.8,668.85,669.05,111604
2026-05-25,14:30:00,1779699600,669,669.7,668.7,669.15,113061
2026-05-25,14:35:00,1779699900,669.6,669.95,668.95,669.65,113986
2026-05-25,14:40:00,1779700200,669.4,671,668.85,669.6,116439
2026-05-25,14:45:00,1779700500,669.75,670.45,669.35,669.55,117051
2026-05-25,14:50:00,1779700800,669.4,671,669.15,670.25,118467
2026-05-25,14:55:00,1779701100,670.2,670.65,670.15,670.15,119845
2026-05-25,15:00:00,1779701400,670.5,670.95,670.15,670.15,123621
2026-05-25,15:05:00,1779701700,670.3,671.1,669.3,669.3,127065
2026-05-25,15:10:00,1779702000,669,670.8,668.55,670.8,131591
2026-05-25,15:15:00,1779702300,670.5,670.5,669,669.3,134517
2026-05-25,15:20:00,1779702600,669.2,669.85,669,669.8,137875
2026-05-25,15:25:00,1779702900,669.75,669.85,668.4,669.55,148900
2026-05-26,09:15:00,1779767100,675.2,675.8,665.3,670.3,21932
2026-05-26,09:20:00,1779767400,670.55,670.55,668,669.5,26696
2026-05-26,09:25:00,1779767700,669.4,675.4,669,674.85,37231
2026-05-26,09:30:00,1779768000,674.55,675.45,673.15,674,39769
2026-05-26,09:35:00,1779768300,673.75,674.3,672.65,674.3,42494
2026-05-26,09:40:00,1779768600,674.25,674.25,671.4,672.05,45594
2026-05-26,09:45:00,1779768900,673.05,673.4,671,673.05,46637
2026-05-26,09:50:00,1779769200,673.4,673.4,672,672,47558
2026-05-26,09:55:00,1779769500,672,672,670.65,670.85,48873
2026-05-26,10:00:00,1779769800,671.45,672.05,671.4,671.95,49476
2026-05-26,10:05:00,1779770100,672.2,673.85,672.2,673.2,50915
2026-05-26,10:10:00,1779770400,673.35,674.3,672.45,674.15,52407
2026-05-26,10:15:00,1779770700,674.8,677.1,674.25,675.2,56621
2026-05-26,10:20:00,1779771000,675,676.85,675,676.6,57895
2026-05-26,10:25:00,1779771300,676.65,677.2,676.05,676.2,60110
2026-05-26,10:30:00,1779771600,676.7,676.7,675.05,675.85,64425
2026-05-26,10:35:00,1779771900,676.55,678.85,675.8,678.6,66677
2026-05-26,10:40:00,1779772200,678.7,678.85,678,678.75,68763
2026-05-26,10:45:00,1779772500,678.35,679,677.65,678,71909
2026-05-26,10:50:00,1779772800,677.75,678.7,677.3,678.55,73757
2026-05-26,10:55:00,1779773100,677.85,680.4,677.15,679.8,84418
2026-05-26,11:00:00,1779773400,680,680.4,679.2,679.6,89478
2026-05-26,11:05:00,1779773700,679.45,680.4,679.25,679.25,91112
2026-05-26,11:10:00,1779774000,679.65,679.95,679.15,679.8,91737
2026-05-26,11:15:00,1779774300,679.65,679.85,678.45,679.15,92682
2026-05-26,11:20:00,1779774600,679.1,679.35,678.5,678.5,95278
2026-05-26,11:25:00,1779774900,678.55,678.7,678,678.5,96889
2026-05-26,11:30:00,1779775200,678.45,678.8,678,678.5,97818
2026-05-26,11:35:00,1779775500,678.5,678.5,678.05,678.4,98490
2026-05-26,11:40:00,1779775800,678.4,678.4,678,678.3,99517
2026-05-26,11:45:00,1779776100,678.05,678.3,678.05,678.3,100039
2026-05-26,11:50:00,1779776400,678,678.5,678,678.5,100570
2026-05-26,11:55:00,1779776700,678.5,678.5,675.05,675.05,103974
2026-05-26,12:00:00,1779777000,675,676.05,675,675.95,104825
2026-05-26,12:05:00,1779777300,676.15,677,675.7,676.7,105348
2026-05-26,12:10:00,1779777600,676.75,676.75,675,675,106844
2026-05-26,12:15:00,1779777900,675.45,676.6,675.05,676.15,108282
2026-05-26,12:20:00,1779778200,676.6,676.9,675.9,676.5,108786
2026-05-26,12:25:00,1779778500,676.6,676.65,675.3,675.85,109679
2026-05-26,12:30:00,1779778800,675.95,675.95,674.5,675.15,111437
2026-05-26,12:35:00,1779779100,674.95,675.45,673.85,675,113953
2026-05-26,12:40:00,1779779400,674.5,675.35,674.45,675,114522
2026-05-26,12:45:00,1779779700,674.85,675.4,674,674.7,115576
2026-05-26,12:50:00,1779780000,674.25,675.2,674.05,675,116051
2026-05-26,12:55:00,1779780300,674.6,675,674.3,675,116791
2026-05-26,13:00:00,1779780600,675.45,675.45,674.4,675.4,118348
2026-05-26,13:05:00,1779780900,675.35,675.75,674,674.65,119497
2026-05-26,13:10:00,1779781200,674.65,675.25,674.6,675.25,120088
2026-05-26,13:15:00,1779781500,675.2,675.25,674.1,675.25,120546
2026-05-26,13:20:00,1779781800,675.3,676,675.05,675.05,121260
2026-05-26,13:25:00,1779782100,675.7,676,675.2,675.35,122041
2026-05-26,13:30:00,1779782400,675.8,676,675.05,675.8,122688
2026-05-26,13:35:00,1779782700,675.85,676,674.15,674.65,123477
2026-05-26,13:40:00,1779783000,674.75,675.7,674.2,675.3,124184
2026-05-26,13:45:00,1779783300,675.45,675.95,674.4,675.95,125414
2026-05-26,13:50:00,1779783600,675,675.95,674.85,675.65,126318
2026-05-26,13:55:00,1779783900,675.15,675.95,674.75,675.25,126792
2026-05-26,14:00:00,1779784200,674.85,675.25,671.25,671.85,131548
2026-05-26,14:05:00,1779784500,671.8,674.15,671.25,673.65,132465
2026-05-26,14:10:00,1779784800,673.7,674.3,672.4,674.3,133353
2026-05-26,14:15:00,1779785100,673.65,674.65,673.65,674.65,134106
2026-05-26,14:20:00,1779785400,673.8,674.45,672.9,674,135961
2026-05-26,14:25:00,1779785700,674,674,672.85,673.3,136644
2026-05-26,14:30:00,1779786000,673.6,674.2,673.3,674.2,137728
2026-05-26,14:35:00,1779786300,674.15,674.5,673.3,674.15,138798
2026-05-26,14:40:00,1779786600,674.2,674.4,673.55,674.15,139316
2026-05-26,14:45:00,1779786900,673.65,674.75,673.35,674.25,140114
2026-05-26,14:50:00,1779787200,673.7,674.1,673.1,673.75,141215
2026-05-26,14:55:00,1779787500,673.9,674.35,672.95,674.3,142640
2026-05-26,15:00:00,1779787800,673.45,674.35,672.55,673.95,145222
2026-05-26,15:05:00,1779788100,674.35,674.65,673.4,673.4,147458
2026-05-26,15:10:00,1779788400,673.8,674.35,672,672.65,150254
2026-05-26,15:15:00,1779788700,672.55,672.55,671.2,671.7,153857
2026-05-26,15:20:00,1779789000,672.05,672.4,671.3,671.75,156677
2026-05-26,15:25:00,1779789300,671.55,671.65,670.3,671.45,159913
2026-05-27,09:15:00,1779853500,672.15,672.15,667.15,671.95,5008
2026-05-27,09:20:00,1779853800,671.9,672.9,667.85,668.4,10856
2026-05-27,09:25:00,1779854100,668.2,668.85,666.35,666.6,15644
2026-05-27,09:30:00,1779854400,667.7,667.7,666.15,667.05,17946
2026-05-27,09:35:00,1779854700,666.9,668.25,666.15,666.35,20802
2026-05-27,09:40:00,1779855000,666.3,668.4,666.1,667.2,22219
2026-05-27,09:45:00,1779855300,667.8,669.25,666,668.75,26333
2026-05-27,09:50:00,1779855600,668.95,669.5,667,668.4,32551
2026-05-27,09:55:00,1779855900,668.2,669.05,666.5,666.6,36510
2026-05-27,10:00:00,1779856200,666.65,668.45,666.1,667.2,37518
2026-05-27,10:05:00,1779856500,667.3,668.2,666.6,667.3,39935
2026-05-27,10:10:00,1779856800,667.75,667.75,667,667.2,40956
2026-05-27,10:15:00,1779857100,667.15,667.7,667,667.4,42092
2026-05-27,10:20:00,1779857400,667.15,667.6,667,667.6,43258
2026-05-27,10:25:00,1779857700,667.2,667.2,666,666,45594
2026-05-27,10:30:00,1779858000,666.35,666.35,665,665,48659
2026-05-27,10:35:00,1779858300,665.2,666,665.1,665.35,49940
2026-05-27,10:40:00,1779858600,665.85,666,662.15,662.15,54926
2026-05-27,10:45:00,1779858900,662.2,663.05,662.1,662.9,57206
2026-05-27,10:50:00,1779859200,663.35,664,661,661.6,62148
2026-05-27,10:55:00,1779859500,661.5,662.65,660,660.7,69558
2026-05-27,11:00:00,1779859800,660.2,660.75,659.05,659.05,74835
2026-05-27,11:05:00,1779860100,659.1,659.95,659,659.1,77294
2026-05-27,11:10:00,1779860400,659.15,659.9,659,659,80798
2026-05-27,11:15:00,1779860700,659.05,660.45,659,659.6,86032
2026-05-27,11:20:00,1779861000,659.45,660,659.15,659.4,88701
2026-05-27,11:25:00,1779861300,659.45,660.05,659.25,659.35,90985
2026-05-27,11:30:00,1779861600,659.4,662,659.35,662,97067
2026-05-27,11:35:00,1779861900,661.2,661.6,659.35,659.8,104444
2026-05-27,11:40:00,1779862200,659.85,660.75,659.5,660.3,107853
2026-05-27,11:45:00,1779862500,659.8,660.8,659.35,659.6,111955
2026-05-27,11:50:00,1779862800,659.95,660.45,659.6,659.6,115548
2026-05-27,11:55:00,1779863100,660.15,660.15,659.2,659.4,117040
2026-05-27,12:00:00,1779863400,659.95,660,658.2,658.5,121881
2026-05-27,12:05:00,1779863700,658.55,659,658.05,658.1,123836
2026-05-27,12:10:00,1779864000,658.6,658.75,658,658,125152
2026-05-27,12:15:00,1779864300,658.05,658.25,657.1,657.5,130513
2026-05-27,12:20:00,1779864600,657.95,658.35,657.5,657.6,134204
2026-05-27,12:25:00,1779864900,657.55,658.75,657.1,657.1,161364
2026-05-27,12:30:00,1779865200,657.45,657.7,657,657.05,175228
2026-05-27,12:35:00,1779865500,657.2,658.05,657,657.2,176529
2026-05-27,12:40:00,1779865800,657.15,657.8,657.1,657.2,177653
2026-05-27,12:45:00,1779866100,657.3,658.15,657.2,657.75,178872
2026-05-27,12:50:00,1779866400,658.5,658.5,657.6,658,180273
2026-05-27,12:55:00,1779866700,658.1,658.45,657.6,658.45,181648
2026-05-27,13:00:00,1779867000,658,658.45,657.7,658,182618
2026-05-27,13:05:00,1779867300,658.4,658.4,657.6,657.6,183840
2026-05-27,13:10:00,1779867600,657.85,658.25,657.6,657.85,185003
2026-05-27,13:15:00,1779867900,657.75,658.1,657.25,657.3,186078
2026-05-27,13:20:00,1779868200,657.7,658.1,657.15,657.15,188418
2026-05-27,13:25:00,1779868500,657.55,658.05,657.15,657.2,190038
2026-05-27,13:30:00,1779868800,657.3,658,657.1,657.4,191561
2026-05-27,13:35:00,1779869100,657.35,658.1,657,657.05,193952
2026-05-27,13:40:00,1779869400,657.1,657.6,657,657.05,195593
2026-05-27,13:45:00,1779869700,657,657.6,657,657,196824
2026-05-27,13:50:00,1779870000,657.3,657.5,657,657.05,197763
2026-05-27,13:55:00,1779870300,657.45,657.85,657,657.15,198823
2026-05-27,14:00:00,1779870600,657.1,658.3,657.05,657.5,200827
2026-05-27,14:05:00,1779870900,657.4,658,657.1,657.45,202827
2026-05-27,14:10:00,1779871200,657.4,658.05,657.25,657.6,203859
2026-05-27,14:15:00,1779871500,657.55,658.15,657.1,657.6,205386
2026-05-27,14:20:00,1779871800,657.85,658.25,657.55,657.65,206870
2026-05-27,14:25:00,1779872100,657.6,658.5,657.55,657.6,211754
2026-05-27,14:30:00,1779872400,657.95,658,657.5,657.8,213055
2026-05-27,14:35:00,1779872700,657.6,657.85,653.7,654.2,224938
2026-05-27,14:40:00,1779873000,654.1,658.25,653.25,654.15,240939
2026-05-27,14:45:00,1779873300,654.25,660,653.9,659.55,261687
2026-05-27,14:50:00,1779873600,659.3,659.95,657,659.95,272572
2026-05-27,14:55:00,1779873900,659.75,661.55,659.55,661.05,280156
2026-05-27,15:00:00,1779874200,660.85,661,659.15,659.8,288427
2026-05-27,15:05:00,1779874500,659.85,659.85,658,659,301687
2026-05-27,15:10:00,1779874800,659.45,660,659.05,659.8,309956
2026-05-27,15:15:00,1779875100,660,660.25,659.35,660,318514
2026-05-27,15:20:00,1779875400,659.85,660,659,659.8,327017
2026-05-27,15:25:00,1779875700,659.9,660,658,660,335173
2026-05-29,09:15:00,1780026300,661.6,665,656.45,660.1,12876
2026-05-29,09:20:00,1780026600,660,662.4,659,659.75,17779
2026-05-29,09:25:00,1780026900,659.5,660,658.15,658.15,20319
2026-05-29,09:30:00,1780027200,658.5,660.45,658,659.05,24503
2026-05-29,09:35:00,1780027500,659.15,662,659.1,661.2,31743
2026-05-29,09:40:00,1780027800,660.6,662.75,660,660,37818
2026-05-29,09:45:00,1780028100,659.8,663.2,659.15,663.2,41810
2026-05-29,09:50:00,1780028400,662.6,662.6,661.35,661.35,43568
2026-05-29,09:55:00,1780028700,661.2,661.2,660.15,661,44814
2026-05-29,10:00:00,1780029000,661.5,662.2,660.5,661.5,49236
2026-05-29,10:05:00,1780029300,662.05,662.25,660.3,661,51775
2026-05-29,10:10:00,1780029600,660.2,661.3,660.2,661.05,53171
2026-05-29,10:15:00,1780029900,661.2,662,661.05,661.35,54789
2026-05-29,10:20:00,1780030200,661.05,661.95,661.05,661.65,55417
2026-05-29,10:25:00,1780030500,661.85,662.55,661.1,662.35,58120
2026-05-29,10:30:00,1780030800,662.6,662.85,662.6,662.85,60001
2026-05-29,10:35:00,1780031100,662.8,664.9,662.6,664.9,64080
2026-05-29,10:40:00,1780031400,664.85,667.6,664.05,666.85,73405
2026-05-29,10:45:00,1780031700,666.6,666.6,663.85,665,79522
2026-05-29,10:50:00,1780032000,664.75,664.95,664.3,664.9,81835
2026-05-29,10:55:00,1780032300,664.3,664.75,662.75,663,87394
2026-05-29,11:00:00,1780032600,662.6,664.3,662.6,664,90129
2026-05-29,11:05:00,1780032900,662.05,664.85,661.55,664.85,112372
2026-05-29,11:10:00,1780033200,664.8,664.85,664,664.75,115099
2026-05-29,11:15:00,1780033500,664.05,664.8,663.6,664.35,117821
2026-05-29,11:20:00,1780033800,663.8,665,663.75,664,120559
2026-05-29,11:25:00,1780034100,663.95,664.9,663.2,663.35,125101
2026-05-29,11:30:00,1780034400,663.8,664.7,663.45,664.3,126932
2026-05-29,11:35:00,1780034700,664.35,664.95,663.7,664.9,128936
2026-05-29,11:40:00,1780035000,664.85,665,664,664.9,130869
2026-05-29,11:45:00,1780035300,664.85,667.1,664.3,665.7,138578
2026-05-29,11:50:00,1780035600,665,666,665,666,140807
2026-05-29,11:55:00,1780035900,665.85,666.25,664.8,665,143568
2026-05-29,12:00:00,1780036200,665.25,665.25,664.55,665,148410
2026-05-29,12:05:00,1780036500,665.05,666,664.45,665,150678
2026-05-29,12:10:00,1780036800,664.75,665,664.3,664.65,152434
2026-05-29,12:15:00,1780037100,665,665,663.6,664,155390
2026-05-29,12:20:00,1780037400,664.25,664.85,663.55,663.85,157847
2026-05-29,12:25:00,1780037700,664,665,663.35,664.5,160493
2026-05-29,12:30:00,1780038000,664.85,665,664.65,665,162121
2026-05-29,12:35:00,1780038300,664.85,665,664.3,665,164108
2026-05-29,12:40:00,1780038600,665,665,664.5,665,165735
2026-05-29,12:45:00,1780038900,665,665,664.55,665,167440
2026-05-29,12:50:00,1780039200,664.7,665.2,664,665,172214
2026-05-29,12:55:00,1780039500,665,665,664.05,664.55,174291
2026-05-29,13:00:00,1780039800,664.85,665,664,664.7,176365
2026-05-29,13:05:00,1780040100,664.8,664.95,664.15,664.35,178805
2026-05-29,13:10:00,1780040400,664.85,665,663.9,664.4,181268
2026-05-29,13:15:00,1780040700,664.35,665.15,664,665,183930
2026-05-29,13:20:00,1780041000,664.75,665.25,664.75,665.25,186040
2026-05-29,13:25:00,1780041300,665,665.8,664.8,665.8,188432
2026-05-29,13:30:00,1780041600,665.85,666,665.5,666,190149
2026-05-29,13:35:00,1780041900,666.05,666.05,665.45,666.05,191936
2026-05-29,13:40:00,1780042200,665.85,666.1,665.1,666,194718
2026-05-29,13:45:00,1780042500,666.2,666.2,665.35,666.1,196973
2026-05-29,13:50:00,1780042800,666.05,666.2,665.55,666,199738
2026-05-29,13:55:00,1780043100,666,666.1,665.85,666,202100
2026-05-29,14:00:00,1780043400,666.05,666.05,665.6,666,204159
2026-05-29,14:05:00,1780043700,665.7,666,665,665.7,207159
2026-05-29,14:10:00,1780044000,665.75,665.8,664.4,664.85,212388
2026-05-29,14:15:00,1780044300,664.8,665,664.35,664.85,214358
2026-05-29,14:20:00,1780044600,665,665,664.1,664.65,217479
2026-05-29,14:25:00,1780044900,664.5,665,663.7,664.6,220180
2026-05-29,14:30:00,1780045200,665,665.1,663.75,664.25,228959
2026-05-29,14:35:00,1780045500,664.55,664.95,664.15,664.65,231304
2026-05-29,14:40:00,1780045800,664.85,665.55,664,665.5,236476
2026-05-29,14:45:00,1780046100,665.2,666,664.9,666,243351
2026-05-29,14:50:00,1780046400,665.5,666,665.1,666,247955
2026-05-29,14:55:00,1780046700,665.95,666.55,664.65,665,255696
2026-05-29,15:00:00,1780047000,664.5,664.5,655.65,655.75,292194
2026-05-29,15:05:00,1780047300,655.2,655.75,653.1,653.55,317325
2026-05-29,15:10:00,1780047600,653.6,655,653.25,653.6,348433
2026-05-29,15:15:00,1780047900,653.55,653.9,652,653.8,376270
2026-05-29,15:20:00,1780048200,653.85,654.95,645.95,646.7,445026
2026-05-29,15:25:00,1780048500,646.75,652.8,646,649,472648
